name,nominal_cr,nominal_xp,adjusted_cr,adjusted_xp,raw_cr,ci_lo,ci_hi,flag,residual,per_composition,composition_spread,group_synergy,adjusted_cr_llm,skill_ceiling_delta
Eidolon,12.0,8400.0,1.96,435.6,1.22,1.77,2.18,left,-10.04,"{""1"": 1.77, ""3"": 2.02, ""6"": 2.18}",-0.41,,,
Drow Matron Mother,20.0,25000.0,12.28,8820.3,12.49,9.24,18.98,ok,-7.72,"{""1"": 18.82, ""3"": 9.97, ""6"": 10.61}",8.21,,,
Drow Favored Consort,18.0,20000.0,10.31,6275.7,9.73,9.09,11.23,ok,-7.69,"{""1"": 11.23, ""3"": 10.19, ""6"": 9.53}",1.7,,,
Lich,21.0,33000.0,13.47,10678.9,13.99,10.33,19.31,ok,-7.53,"{""1"": 18.74, ""3"": 10.87, ""6"": 12.56}",6.18,,,
Archdruid,12.0,8400.0,4.51,1414.1,3.06,2.18,6.92,ok,-7.49,"{""1"": 6.92, ""3"": 4.56, ""6"": 2.41}",4.51,,,
Djinni,11.0,7200.0,4.3,1275.1,2.77,1.77,10.42,left/ok,-6.7,"{""1"": 10.31, ""3"": 1.77, ""6"": 1.9}",8.41,,6.73,2.41
Yuan-ti Anathema,12.0,8400.0,5.32,1946.9,3.92,2.93,7.99,ok,-6.68,"{""1"": 7.55, ""3"": 6.14, ""6"": 3.35}",4.2,,,
Drow Arachnomancer,13.0,10000.0,6.32,2477.1,4.47,2.6,9.03,ok,-6.68,"{""1"": 8.38, ""3"": 7.58, ""6"": 3.81}",4.57,,,
Morkoth,11.0,7200.0,4.33,1294.1,2.81,1.9,8.83,left/ok,-6.67,"{""1"": 8.62, ""3"": 2.71, ""6"": 1.9}",6.72,,,
Nagpa,17.0,18000.0,10.39,6376.5,9.86,9.24,11.85,ok,-6.61,"{""1"": 11.85, ""3"": 9.85, ""6"": 9.52}",2.33,,,
Rakshasa,13.0,10000.0,6.45,2552.9,4.53,4.31,8.72,ok,-6.55,"{""1"": 8.43, ""3"": 6.48, ""6"": 4.51}",3.92,,7.3,0.21
Ancient Brass Dragon,20.0,25000.0,13.88,11308.7,14.36,11.48,17.76,ok,-6.12,"{""1"": 17.48, ""3"": 12.76, ""6"": 12.25}",5.23,,,
Pit Fiend,20.0,25000.0,14.65,12454.0,15.03,12.25,17.11,ok,-5.35,"{""1"": 16.52, ""3"": 16.1, ""6"": 12.25}",4.27,,,
Cloaker,8.0,3900.0,2.85,655.1,1.87,1.43,4.61,ok,-5.15,"{""1"": 4.39, ""3"": 3.29, ""6"": 1.84}",2.55,,,
Star Spawn Larva Mage,16.0,15000.0,10.88,7030.0,10.48,9.01,13.08,ok,-5.12,"{""1"": 9.28, ""3"": 10.68, ""6"": 12.71}",-3.43,,,
Iron Golem,16.0,15000.0,10.94,7114.5,10.55,8.92,11.95,ok,-5.06,"{""1"": 11.85, ""3"": 11.64, ""6"": 9.36}",2.49,,,
Drow Inquisitor,14.0,11500.0,8.99,4987.6,8.12,5.65,14.57,ok,-5.01,"{""1"": 13.87, ""3"": 9.09, ""6"": 6.07}",7.8,,,
Mummy Lord,15.0,13000.0,10.03,5935.4,9.33,8.73,11.39,ok,-4.97,"{""1"": 9.84, ""3"": 9.24, ""6"": 11.06}",-1.22,,,
Retriever,14.0,11500.0,9.18,5151.2,8.33,8.5,10.21,ok,-4.82,"{""1"": 9.74, ""3"": 9.74, ""6"": 8.61}",1.13,,,
Balor,19.0,22000.0,14.28,11901.6,14.71,11.67,18.66,ok,-4.72,"{""1"": 18.48, ""3"": 13.12, ""6"": 11.67}",6.81,,,
Orcus,26.0,90000.0,21.31,35297.0,21.86,20.29,22.83,ok,-4.69,"{""1"": 21.26, ""3"": 22.37, ""6"": 20.29}",0.97,,,
Drow Mage,7.0,2900.0,2.44,546.6,1.58,1.77,4.16,ok,-4.56,"{""1"": 1.9, ""3"": 2.64, ""6"": 2.86}",-0.96,,4.31,2.24
Skull Lord,15.0,13000.0,10.46,6466.0,9.96,9.24,11.57,ok,-4.54,"{""1"": 11.57, ""3"": 9.24, ""6"": 10.61}",0.96,,,
Green Abishai,15.0,13000.0,10.52,6543.7,10.04,9.24,12.16,ok,-4.48,"{""1"": 10.97, ""3"": 9.24, ""6"": 11.39}",-0.42,,,
Adult Bronze Dragon,15.0,13000.0,10.54,6569.8,10.07,8.74,11.93,ok,-4.46,"{""1"": 11.05, ""3"": 11.14, ""6"": 9.46}",1.59,,,
Ancient Copper Dragon,21.0,33000.0,16.55,16582.2,16.38,12.09,20.72,ok,-4.45,"{""1"": 19.89, ""3"": 15.37, ""6"": 12.56}",7.33,,,
Purple Worm,15.0,13000.0,10.61,6662.0,10.16,8.63,17.48,ok,-4.39,"{""1"": 12.44, ""3"": 11.14, ""6"": 8.74}",3.7,,,
Hellfire Engine,16.0,15000.0,11.73,8057.6,11.69,10.63,17.37,ok,-4.27,"{""1"": 12.96, ""3"": 11.18, ""6"": 11.06}",1.9,,,
Phoenix,16.0,15000.0,11.77,8107.4,11.74,10.63,12.39,ok,-4.23,"{""1"": 11.85, ""3"": 12.39, ""6"": 11.06}",0.79,,,
Githzerai Anarch,16.0,15000.0,11.81,8157.5,11.8,10.68,12.96,ok,-4.19,"{""1"": 12.5, ""3"": 11.18, ""6"": 11.73}",0.77,,,
Fraz-Urb'luu,23.0,50000.0,18.95,21895.4,19.95,12.9,23.67,ok,-4.05,"{""1"": 23.39, ""3"": 18.33, ""6"": 13.82}",9.57,,,
Young Red Shadow Dragon,13.0,10000.0,9.03,5024.9,8.17,8.22,10.53,ok,-3.97,"{""1"": 8.43, ""3"": 9.31, ""6"": 10.17}",-1.74,,,
Deathlock Mastermind,8.0,3900.0,4.04,1121.9,2.42,1.81,7.53,ok,-3.96,"{""1"": 6.52, ""3"": 3.29, ""6"": 1.94}",4.58,,,
Ancient White Dragon,20.0,25000.0,16.07,15192.7,16.09,14.17,20.72,ok,-3.93,"{""1"": 17.11, ""3"": 14.97, ""6"": 16.05}",1.06,,,
Duergar Despot,12.0,8400.0,8.1,3998.1,5.98,5.44,10.49,ok,-3.9,"{""1"": 10.1, ""3"": 7.55, ""6"": 5.67}",4.43,,,
Fire Giant Dreadnought,14.0,11500.0,10.15,6078.9,9.5,8.5,12.44,ok,-3.85,"{""1"": 11.1, ""3"": 11.42, ""6"": 8.61}",2.49,,,
Sibriex,18.0,20000.0,14.23,11828.9,14.66,8.48,21.26,ok,-3.77,"{""1"": 21.26, ""3"": 13.57, ""6"": 9.18}",12.08,,,
Marilith,16.0,15000.0,12.25,8774.2,12.45,9.97,17.83,ok,-3.75,"{""1"": 17.64, ""3"": 9.97, ""6"": 11.48}",6.16,,,
Adult Blue Dracolich,17.0,18000.0,13.36,10516.0,13.9,11.77,15.54,ok,-3.64,"{""1"": 15.54, ""3"": 12.28, ""6"": 13.14}",2.4,,,
Adult Green Dragon,15.0,13000.0,11.44,7705.3,11.22,10.69,12.12,ok,-3.56,"{""1"": 11.05, ""3"": 11.88, ""6"": 11.39}",-0.34,,,
Duergar Warlord,6.0,2300.0,2.45,549.0,1.59,1.46,5.6,ok,-3.55,"{""1"": 4.88, ""3"": 1.83, ""6"": 1.63}",3.25,,,
Mouth of Grolantor,6.0,2300.0,2.47,553.9,1.6,1.25,4.71,ok,-3.53,"{""1"": 4.47, ""3"": 2.6, ""6"": 1.38}",3.09,,,
Mindwitness,5.0,1800.0,1.48,295.2,0.8,0.45,4.3,left/ok,-3.52,"{""1"": 2.89, ""3"": 1.4, ""6"": 0.45}",2.44,2.64,,
Conjurer Wizard,6.0,2300.0,2.53,568.7,1.65,1.83,4.43,ok,-3.47,"{""1"": 2.66, ""3"": 2.92, ""6"": 2.02}",0.64,,,
Hutijin,21.0,33000.0,17.57,19114.1,17.45,13.48,19.43,ok,-3.43,"{""1"": 17.69, ""3"": 19.13, ""6"": 14.95}",2.74,,,
Assassin,8.0,3900.0,4.59,1470.9,3.17,1.34,8.84,ok,-3.41,"{""1"": 8.71, ""3"": 4.52, ""6"": 1.64}",7.07,,,
Ancient Gold Dragon,24.0,62000.0,20.59,29449.5,21.2,18.44,21.74,ok,-3.41,"{""1"": 20.72, ""3"": 21.74, ""6"": 19.32}",1.4,,,
Archmage,12.0,8400.0,8.6,4527.0,7.26,6.92,12.5,ok,-3.4,"{""1"": 11.85, ""3"": 6.92, ""6"": 8.14}",3.71,,14.46,4.31
Ancient Bronze Dragon,22.0,41000.0,18.6,21177.1,19.42,15.94,21.26,ok,-3.4,"{""1"": 21.26, ""3"": 17.18, ""6"": 17.36}",3.9,,,
Spirit Naga,8.0,3900.0,4.62,1492.8,3.21,2.61,8.1,ok,-3.38,"{""1"": 7.81, ""3"": 2.89, ""6"": 4.01}",3.8,,6.38,0.99
Drow Priestess of Lolth,8.0,3900.0,4.63,1500.2,3.22,2.89,7.95,ok,-3.37,"{""1"": 4.39, ""3"": 6.56, ""6"": 3.29}",1.1,,4.71,-1.12
Vampire Spellcaster,15.0,13000.0,11.65,7958.8,11.55,10.82,12.43,ok,-3.35,"{""1"": 11.57, ""3"": 11.54, ""6"": 11.84}",-0.27,,,
Cadaver Collector,14.0,11500.0,10.65,6715.3,10.2,8.5,13.87,ok,-3.35,"{""1"": 12.96, ""3"": 10.66, ""6"": 8.76}",4.2,,,
Gray Render,12.0,8400.0,8.66,4595.0,7.39,6.82,10.64,ok,-3.34,"{""1"": 8.86, ""3"": 9.87, ""6"": 7.44}",1.42,,,
Kuo-toa Archpriest,6.0,2300.0,2.68,607.7,1.76,2.33,6.9,ok,-3.32,"{""1"": 3.55, ""3"": 2.44, ""6"": 2.44}",1.11,,3.13,-0.6
Revenant,5.0,1800.0,1.69,350.0,0.95,0.78,4.1,ok,-3.31,"{""1"": 4.1, ""3"": 1.4, ""6"": 0.78}",3.32,0.6,,
Ancient Silver Dragon,23.0,50000.0,19.71,24090.2,20.53,17.39,20.74,ok,-3.29,"{""1"": 20.72, ""3"": 20.16, ""6"": 18.26}",2.46,,,
Baphomet,23.0,50000.0,19.73,24151.8,20.54,17.39,21.41,ok,-3.27,"{""1"": 20.72, ""3"": 21.07, ""6"": 17.39}",3.33,,,
Ancient Green Dragon,22.0,41000.0,18.74,21461.5,19.63,15.94,21.26,ok,-3.26,"{""1"": 20.18, ""3"": 17.18, ""6"": 18.87}",1.31,,,
Death Kiss,10.0,5900.0,6.74,2730.4,4.67,4.89,8.33,ok,-3.26,"{""1"": 8.07, ""3"": 6.66, ""6"": 5.31}",2.76,,,
Adult Copper Dragon,14.0,11500.0,10.78,6891.4,10.37,9.19,12.6,ok,-3.22,"{""1"": 11.85, ""3"": 10.66, ""6"": 9.85}",2.0,,,
Warlord,12.0,8400.0,8.8,4757.6,7.69,8.14,9.87,ok,-3.2,"{""1"": 8.72, ""3"": 9.87, ""6"": 8.31}",0.41,,,
Balhannoth,11.0,7200.0,7.82,3697.5,5.52,6.37,8.31,ok,-3.18,"{""1"": 7.06, ""3"": 8.17, ""6"": 8.01}",-0.95,,,
Drow House Captain,9.0,5000.0,5.91,2249.8,4.27,4.78,8.26,ok,-3.09,"{""1"": 6.92, ""3"": 5.89, ""6"": 5.12}",1.8,,,
Adult Brass Dragon,13.0,10000.0,9.93,5832.0,9.17,9.09,10.36,ok,-3.07,"{""1"": 10.15, ""3"": 10.11, ""6"": 9.53}",0.62,,9.49,-0.68
Steel Predator,16.0,15000.0,12.97,9947.8,13.57,10.63,18.15,ok,-3.03,"{""1"": 17.83, ""3"": 12.39, ""6"": 11.06}",6.77,,,
Adult Gold Dragon,17.0,18000.0,13.98,11467.9,14.44,12.56,15.54,ok,-3.02,"{""1"": 15.54, ""3"": 12.72, ""6"": 14.02}",1.52,,,
Frost Giant Everlasting One,12.0,8400.0,8.98,4975.2,8.1,8.14,15.54,ok,-3.02,"{""1"": 10.1, ""3"": 9.43, ""6"": 8.31}",1.79,,,
Adult Silver Dragon,16.0,15000.0,13.0,10000.0,13.61,10.74,17.37,ok,-3.0,"{""1"": 17.37, ""3"": 11.64, ""6"": 12.26}",5.11,,,
Boneclaw,12.0,8400.0,9.01,5008.3,8.16,8.54,11.2,ok,-2.99,"{""1"": 10.74, ""3"": 8.75, ""6"": 8.57}",2.17,,,
Angry Sorrowsworn,13.0,10000.0,10.05,5959.0,9.35,9.09,14.06,ok,-2.95,"{""1"": 10.33, ""3"": 10.31, ""6"": 9.53}",0.8,,,
Neothelid,13.0,10000.0,10.08,5994.7,9.4,8.78,17.37,ok,-2.92,"{""1"": 12.16, ""3"": 9.73, ""6"": 8.78}",3.38,,,
Abjurer Wizard,9.0,5000.0,6.11,2359.4,4.38,2.33,10.97,ok,-2.89,"{""1"": 8.75, ""3"": 6.89, ""6"": 2.92}",5.83,,,
Vampiric Mist,3.0,700.0,0.14,27.2,0.1,0.12,0.16,left,-2.86,"{""1"": 0.16, ""3"": 0.12, ""6"": 0.12}",0.04,-0.03,,
Yochlol,10.0,5900.0,7.22,3095.3,4.91,4.77,8.33,ok,-2.78,"{""1"": 8.07, ""3"": 8.0, ""6"": 5.31}",2.76,,,
Narzugon,13.0,10000.0,10.24,6188.8,9.63,9.78,12.44,ok,-2.76,"{""1"": 9.88, ""3"": 10.72, ""6"": 10.11}",-0.23,,,
Shadar-kai Shadow Dancer,7.0,2900.0,4.28,1262.6,2.75,2.59,6.14,ok,-2.72,"{""1"": 5.68, ""3"": 4.1, ""6"": 2.7}",2.98,,,
Ancient Red Dragon,24.0,62000.0,21.29,35144.1,21.84,18.44,23.67,ok,-2.71,"{""1"": 23.0, ""3"": 21.54, ""6"": 19.32}",3.68,,,
Planetar,16.0,15000.0,13.3,10428.2,13.86,11.48,16.85,ok,-2.7,"{""1"": 16.26, ""3"": 13.33, ""6"": 11.8}",4.46,,,
Derro Savant,3.0,700.0,0.33,62.4,0.25,0.16,0.87,left/ok,-2.67,"{""1"": 0.16, ""3"": 0.54, ""6"": 0.69}",-0.53,1.07,,
Enchanter Wizard,5.0,1800.0,2.34,522.9,1.51,0.78,7.21,ok,-2.66,"{""1"": 6.9, ""3"": 1.58, ""6"": 1.07}",5.83,3.18,,
Behir,11.0,7200.0,8.37,4275.5,6.71,7.54,8.83,ok,-2.63,"{""1"": 8.62, ""3"": 8.48, ""6"": 8.01}",0.61,,,
Vampire Warrior,15.0,13000.0,12.39,8991.0,12.64,11.57,12.73,ok,-2.61,"{""1"": 12.44, ""3"": 12.43, ""6"": 12.3}",0.14,,,
Abominable Yeti,9.0,5000.0,6.4,2523.5,4.51,2.92,8.52,ok,-2.6,"{""1"": 8.33, ""3"": 7.58, ""6"": 4.1}",4.23,,,
Adult Red Dragon,17.0,18000.0,14.47,12182.1,14.88,13.01,16.5,ok,-2.53,"{""1"": 14.57, ""3"": 14.94, ""6"": 13.91}",0.66,,,
Efreeti,11.0,7200.0,8.5,4415.9,7.06,6.57,9.34,ok,-2.5,"{""1"": 9.11, ""3"": 8.89, ""6"": 7.05}",2.06,,9.07,0.35
Ancient Blue Dragon,23.0,50000.0,20.5,28722.8,21.11,19.21,21.89,ok,-2.5,"{""1"": 20.72, ""3"": 21.41, ""6"": 19.36}",1.36,,,
Zuggtmoy,23.0,50000.0,20.5,28722.8,21.12,17.39,23.0,ok,-2.5,"{""1"": 22.74, ""3"": 20.5, ""6"": 18.26}",4.48,,,
Remorhaz,11.0,7200.0,8.54,4460.0,7.14,7.23,9.6,ok,-2.46,"{""1"": 9.34, ""3"": 8.17, ""6"": 8.31}",1.03,,,
Adult Blue Dragon,16.0,15000.0,13.54,10783.9,14.05,11.48,17.37,ok,-2.46,"{""1"": 17.37, ""3"": 12.83, ""6"": 11.8}",5.57,,,
Drow Shadowblade,11.0,7200.0,8.55,4471.1,7.16,4.98,17.37,ok,-2.45,"{""1"": 16.85, ""3"": 6.21, ""6"": 5.9}",10.95,,,
Moloch,21.0,33000.0,18.6,21177.1,19.42,16.99,21.12,ok,-2.4,"{""1"": 17.69, ""3"": 20.71, ""6"": 17.41}",0.28,,,
Nabassu,15.0,13000.0,12.62,9358.9,12.96,11.54,16.67,ok,-2.38,"{""1"": 15.54, ""3"": 11.88, ""6"": 11.84}",3.7,,,
Green Hag,3.0,700.0,0.63,119.7,0.38,0.29,1.58,ok,-2.37,"{""1"": 1.19, ""3"": 0.35, ""6"": 0.47}",0.72,1.12,,
Swarm of Cranium Rats,5.0,1800.0,2.69,610.4,1.77,1.13,4.84,ok,-2.31,"{""1"": 4.39, ""3"": 3.52, ""6"": 1.51}",2.88,2.53,,
Adult White Dragon,13.0,10000.0,10.74,6836.7,10.31,9.78,12.23,ok,-2.26,"{""1"": 9.88, ""3"": 12.23, ""6"": 10.11}",-0.23,,,
Ice Devil,14.0,11500.0,11.74,8070.0,11.7,9.74,15.54,ok,-2.26,"{""1"": 14.57, ""3"": 10.21, ""6"": 11.32}",3.25,,,
Marid,11.0,7200.0,8.75,4698.9,7.59,8.17,12.6,ok,-2.25,"{""1"": 10.15, ""3"": 8.48, ""6"": 8.31}",1.84,,,
Necromancer Wizard,9.0,5000.0,6.79,2762.2,4.69,4.51,8.13,ok,-2.21,"{""1"": 6.92, ""3"": 5.52, ""6"": 7.85}",-0.93,,,
Ancient Black Dragon,21.0,33000.0,18.8,21584.6,19.73,16.99,20.72,ok,-2.2,"{""1"": 20.72, ""3"": 18.28, ""6"": 17.41}",3.31,,,
Bone Naga (Guardian),4.0,1100.0,1.81,385.7,1.04,0.66,4.1,ok,-2.19,"{""1"": 3.73, ""3"": 1.84, ""6"": 0.78}",2.95,2.23,,
Nalfeshnee,13.0,10000.0,10.81,6932.7,10.39,9.78,11.87,ok,-2.19,"{""1"": 10.69, ""3"": 11.61, ""6"": 10.11}",0.58,,,
Shadar-kai Soul Monger,11.0,7200.0,8.82,4781.3,7.74,8.33,9.51,ok,-2.18,"{""1"": 8.62, ""3"": 9.05, ""6"": 8.82}",-0.2,,,
Shoosuva,8.0,3900.0,5.84,2211.5,4.23,5.11,7.06,ok,-2.16,"{""1"": 6.37, ""3"": 5.89, ""6"": 5.33}",1.04,,,
Roc,11.0,7200.0,8.86,4829.1,7.83,8.31,10.33,ok,-2.14,"{""1"": 9.96, ""3"": 8.89, ""6"": 8.31}",1.65,,,
Androsphinx,17.0,18000.0,14.87,12794.4,15.2,10.77,23.0,ok,-2.13,"{""1"": 23.0, ""3"": 11.06, ""6"": 10.77}",12.23,,,
Lonely Sorrowsworn,9.0,5000.0,6.87,2813.9,4.73,5.42,8.33,ok,-2.13,"{""1"": 8.19, ""3"": 5.89, ""6"": 5.98}",2.21,,,
Spring Eladrin,10.0,5900.0,7.91,3797.4,5.63,4.77,9.28,ok,-2.09,"{""1"": 9.01, ""3"": 8.0, ""6"": 5.31}",3.7,,,
Elder Oblex,10.0,5900.0,7.96,3854.1,5.67,4.77,9.66,ok,-2.04,"{""1"": 9.66, ""3"": 8.0, ""6"": 4.93}",4.73,,,
Roper,5.0,1800.0,2.98,693.8,1.97,1.51,6.38,ok,-2.02,"{""1"": 5.89, ""3"": 2.94, ""6"": 1.51}",4.38,-0.19,,
Chasme,6.0,2300.0,4.02,1110.9,2.4,1.46,6.38,ok,-1.98,"{""1"": 6.38, ""3"": 4.43, ""6"": 1.53}",4.85,,,
Blue Abishai,17.0,18000.0,15.04,13074.6,15.33,12.35,18.15,ok,-1.96,"{""1"": 18.15, ""3"": 12.94, ""6"": 13.14}",5.01,,,
Clockwork Iron Cobra,4.0,1100.0,2.05,460.1,1.3,0.95,4.3,ok,-1.95,"{""1"": 4.1, ""3"": 2.41, ""6"": 0.95}",3.15,1.77,,
Stone Giant Dreamwalker,10.0,5900.0,8.09,3988.2,5.97,6.35,8.9,ok,-1.91,"{""1"": 8.84, ""3"": 8.0, ""6"": 6.7}",2.14,,,
Bone Naga (Spirit),4.0,1100.0,2.12,474.5,1.35,0.66,4.84,ok,-1.88,"{""1"": 4.3, ""3"": 2.41, ""6"": 0.95}",3.35,2.4,,
Orc War Chief,4.0,1100.0,2.13,476.6,1.35,0.95,4.3,ok,-1.87,"{""1"": 4.1, ""3"": 2.41, ""6"": 1.1}",3.0,2.62,,
Adult Black Dragon,14.0,11500.0,12.15,8622.6,12.3,10.49,15.54,ok,-1.85,"{""1"": 14.57, ""3"": 11.42, ""6"": 11.32}",3.25,,,
Young Gold Dragon,10.0,5900.0,8.16,4058.2,6.16,5.77,9.01,ok,-1.84,"{""1"": 8.71, ""3"": 8.55, ""6"": 6.12}",2.59,,,
Mage,6.0,2300.0,4.18,1202.0,2.62,2.6,5.52,ok,-1.82,"{""1"": 3.55, ""3"": 2.92, ""6"": 5.12}",-1.57,,5.41,1.14
Hungry Sorrowsworn,11.0,7200.0,9.2,5168.3,8.36,8.61,10.3,ok,-1.8,"{""1"": 9.08, ""3"": 9.96, ""6"": 8.82}",0.26,,,
Dao,11.0,7200.0,9.22,5185.4,8.37,8.31,11.85,ok,-1.78,"{""1"": 10.33, ""3"": 10.03, ""6"": 8.31}",2.02,,,
Choldrith,3.0,700.0,1.23,241.0,0.64,0.25,4.3,ok,-1.77,"{""1"": 3.64, ""3"": 0.43, ""6"": 0.47}",3.17,2.27,,
Solar,21.0,33000.0,19.26,22743.5,20.2,16.57,23.0,ok,-1.74,"{""1"": 23.0, ""3"": 17.79, ""6"": 16.99}",6.01,,,
Beholder,13.0,10000.0,11.27,7506.0,10.96,9.09,18.98,ok,-1.73,"{""1"": 12.44, ""3"": 11.87, ""6"": 9.53}",2.91,,20.59,-0.16
Diviner Wizard,8.0,3900.0,6.28,2454.2,4.45,3.67,10.74,ok,-1.72,"{""1"": 8.84, ""3"": 5.81, ""6"": 4.16}",4.68,,,
Wereboar,4.0,1100.0,2.3,513.8,1.48,1.27,4.27,ok,-1.7,"{""1"": 3.64, ""3"": 2.76, ""6"": 1.35}",2.29,2.16,,
Dybbuk,4.0,1100.0,2.31,516.1,1.49,1.27,4.84,ok,-1.69,"{""1"": 4.1, ""3"": 2.41, ""6"": 1.46}",2.64,2.44,,
Autumn Eladrin,10.0,5900.0,8.33,4233.2,6.61,6.35,9.28,ok,-1.67,"{""1"": 9.01, ""3"": 8.55, ""6"": 6.7}",2.31,,,
Doppelganger,3.0,700.0,1.4,276.6,0.75,0.69,2.33,ok,-1.6,"{""1"": 1.7, ""3"": 1.63, ""6"": 0.87}",0.83,1.25,,
Druid,2.0,450.0,0.43,82.4,0.3,0.18,1.2,ok,-1.57,"{""1"": 0.2, ""3"": 0.48, ""6"": 1.07}",-0.87,0.22,,
Wyvern,6.0,2300.0,4.43,1359.4,2.95,1.46,7.08,ok,-1.57,"{""1"": 5.89, ""3"": 6.57, ""6"": 1.63}",4.26,,,
Death Knight,17.0,18000.0,15.43,13825.1,15.62,10.77,23.0,ok,-1.57,"{""1"": 23.0, ""3"": 11.06, ""6"": 11.52}",11.48,,,
Winter Eladrin,10.0,5900.0,8.43,4339.7,6.88,8.0,10.3,ok,-1.57,"{""1"": 8.33, ""3"": 8.23, ""6"": 8.74}",-0.41,,,
Shadar-kai Gloom Weaver,9.0,5000.0,7.44,3303.8,5.08,4.51,10.15,ok,-1.56,"{""1"": 8.86, ""3"": 7.0, ""6"": 5.2}",3.66,,,
Devourer,13.0,10000.0,11.46,7729.1,11.26,8.78,15.57,ok,-1.54,"{""1"": 15.57, ""3"": 11.87, ""6"": 8.78}",6.79,,,
Githyanki Gish,10.0,5900.0,8.48,4394.0,7.01,8.0,8.86,ok,-1.52,"{""1"": 8.71, ""3"": 8.23, ""6"": 8.51}",0.2,,,
Incubus,4.0,1100.0,2.49,558.8,1.61,1.46,4.3,ok,-1.51,"{""1"": 3.64, ""3"": 2.76, ""6"": 1.69}",1.95,1.56,,
Succubus,4.0,1100.0,2.49,558.8,1.61,1.46,4.3,ok,-1.51,"{""1"": 3.64, ""3"": 2.76, ""6"": 1.69}",1.95,1.56,,
Mind Flayer Arcanist,8.0,3900.0,6.49,2576.7,4.55,3.67,10.74,ok,-1.51,"{""1"": 8.9, ""3"": 5.5, ""6"": 4.48}",4.42,,,
Ultroloth,13.0,10000.0,11.5,7776.9,11.31,9.31,14.06,ok,-1.5,"{""1"": 13.18, ""3"": 9.73, ""6"": 11.7}",1.48,,,
Dolphin Delighter,3.0,700.0,1.53,307.4,0.84,0.25,2.41,ok,-1.47,"{""1"": 2.0, ""3"": 1.83, ""6"": 0.73}",1.27,0.87,,
Alkilith,11.0,7200.0,9.53,5458.4,8.69,8.61,16.72,ok,-1.47,"{""1"": 9.73, ""3"": 10.3, ""6"": 8.82}",0.91,,,
Githyanki Supreme Commander,14.0,11500.0,12.53,9213.2,12.85,10.49,15.58,ok,-1.47,"{""1"": 11.1, ""3"": 14.7, ""6"": 12.74}",-1.64,,,
Lost Sorrowsworn,7.0,2900.0,5.54,2054.7,4.05,3.61,8.19,ok,-1.46,"{""1"": 6.92, ""3"": 6.81, ""6"": 4.16}",2.76,,,
Star Spawn Hulk,10.0,5900.0,8.55,4471.1,7.15,7.94,9.66,ok,-1.45,"{""1"": 9.28, ""3"": 8.55, ""6"": 7.94}",1.34,,,
Armanite,7.0,2900.0,5.57,2069.9,4.07,4.16,6.92,ok,-1.43,"{""1"": 6.92, ""3"": 6.42, ""6"": 4.35}",2.57,,,
Draegloth,7.0,2900.0,5.57,2069.9,4.07,4.16,7.99,ok,-1.43,"{""1"": 6.92, ""3"": 6.42, ""6"": 4.35}",2.57,,,
Grell,3.0,700.0,1.58,320.1,0.87,0.47,4.1,ok,-1.42,"{""1"": 3.73, ""3"": 1.09, ""6"": 0.87}",2.86,1.06,,
Orthon,10.0,5900.0,8.58,4504.5,7.22,6.35,9.89,ok,-1.42,"{""1"": 9.01, ""3"": 9.69, ""6"": 6.7}",2.31,,,
Ghost,4.0,1100.0,2.6,586.6,1.7,0.95,5.03,ok,-1.4,"{""1"": 4.63, ""3"": 3.4, ""6"": 1.21}",3.42,3.25,,
Deathlock,4.0,1100.0,2.6,586.6,1.69,1.81,4.39,ok,-1.4,"{""1"": 4.1, ""3"": 1.94, ""6"": 2.49}",1.61,2.15,,
Githzerai Zerth,6.0,2300.0,4.61,1485.5,3.2,1.46,8.02,ok,-1.39,"{""1"": 7.57, ""3"": 6.57, ""6"": 1.53}",6.04,,,
Vampire,13.0,10000.0,11.61,7909.9,11.5,9.92,12.65,ok,-1.39,"{""1"": 12.08, ""3"": 12.23, ""6"": 10.53}",1.55,,,
Red Abishai,19.0,22000.0,17.61,19194.8,17.53,16.28,18.58,ok,-1.39,"{""1"": 17.37, ""3"": 17.86, ""6"": 17.58}",-0.21,,,
Froghemoth,10.0,5900.0,8.63,4560.8,7.34,7.25,9.01,ok,-1.37,"{""1"": 8.71, ""3"": 8.86, ""6"": 8.33}",0.38,,,
Werewolf,3.0,700.0,1.64,336.1,0.91,0.69,2.41,ok,-1.36,"{""1"": 2.33, ""3"": 1.83, ""6"": 0.87}",1.46,2.01,,
Illusionist Wizard,3.0,700.0,1.65,338.8,0.92,0.47,3.73,ok,-1.35,"{""1"": 3.3, ""3"": 1.53, ""6"": 0.69}",2.61,1.98,,
Faerie Dragon (Blue),2.0,450.0,0.69,130.1,0.4,0.2,4.3,ok,-1.31,"{""1"": 2.89, ""3"": 0.21, ""6"": 0.21}",2.68,-0.25,,
Faerie Dragon (Green),2.0,450.0,0.69,130.1,0.4,0.2,4.3,ok,-1.31,"{""1"": 2.89, ""3"": 0.21, ""6"": 0.21}",2.68,-0.25,,
Faerie Dragon (Indigo),2.0,450.0,0.69,130.1,0.4,0.2,4.3,ok,-1.31,"{""1"": 2.89, ""3"": 0.21, ""6"": 0.21}",2.68,-0.25,,
Faerie Dragon (Violet),2.0,450.0,0.69,130.1,0.4,0.2,4.3,ok,-1.31,"{""1"": 2.89, ""3"": 0.21, ""6"": 0.21}",2.68,-0.25,,
Elephant,4.0,1100.0,2.69,610.4,1.76,0.95,5.6,ok,-1.31,"{""1"": 5.09, ""3"": 3.4, ""6"": 1.1}",3.99,2.47,,
Death Slaad,10.0,5900.0,8.69,4629.3,7.45,8.47,10.3,ok,-1.31,"{""1"": 8.52, ""3"": 8.67, ""6"": 8.86}",-0.34,,,
Ogre Battering Ram,4.0,1100.0,2.69,610.4,1.76,1.1,6.38,ok,-1.31,"{""1"": 4.84, ""3"": 3.58, ""6"": 1.21}",3.63,2.73,,
Rot Troll,9.0,5000.0,7.71,3578.9,5.39,4.78,9.11,ok,-1.29,"{""1"": 8.75, ""3"": 8.07, ""6"": 5.12}",3.63,,,
Deva,10.0,5900.0,8.72,4664.0,7.52,7.15,10.33,ok,-1.28,"{""1"": 9.66, ""3"": 8.55, ""6"": 8.33}",1.33,,,
Gauth,6.0,2300.0,4.75,1591.5,3.39,1.46,8.29,ok,-1.25,"{""1"": 8.07, ""3"": 5.78, ""6"": 1.83}",6.24,,,
Galeb Duhr,6.0,2300.0,4.76,1599.3,3.4,2.6,6.97,ok,-1.24,"{""1"": 6.38, ""3"": 4.71, ""6"": 3.81}",2.57,,,
Mummy,3.0,700.0,1.77,373.4,1.0,0.47,4.3,ok,-1.23,"{""1"": 3.64, ""3"": 1.83, ""6"": 0.69}",2.95,2.58,,
Flail Snail,3.0,700.0,1.77,373.4,1.0,0.68,5.09,ok,-1.23,"{""1"": 4.39, ""3"": 1.09, ""6"": 1.14}",3.25,2.84,,
Spectator,3.0,700.0,1.78,376.5,1.01,0.47,4.39,ok,-1.22,"{""1"": 4.27, ""3"": 1.63, ""6"": 0.69}",3.58,1.15,,
Red Dragon Wyrmling,4.0,1100.0,2.78,635.2,1.83,1.46,4.84,ok,-1.22,"{""1"": 4.39, ""3"": 2.76, ""6"": 1.92}",2.47,2.85,,
Black Pudding,4.0,1100.0,2.81,643.6,1.85,0.95,6.97,ok,-1.19,"{""1"": 5.83, ""3"": 3.4, ""6"": 1.1}",4.73,4.12,,
Horned Devil,11.0,7200.0,9.84,5745.8,9.03,8.89,10.71,ok,-1.16,"{""1"": 9.34, ""3"": 9.51, ""6"": 10.71}",-1.37,,,
Quaggoth Thonot,3.0,700.0,1.85,398.5,1.09,0.97,4.1,ok,-1.15,"{""1"": 3.3, ""3"": 1.83, ""6"": 1.03}",2.27,0.97,,
Chimera,6.0,2300.0,4.85,1671.8,3.51,2.02,8.07,ok,-1.15,"{""1"": 7.8, ""3"": 5.74, ""6"": 2.22}",5.58,,,
Spirit Troll,11.0,7200.0,9.86,5764.9,9.06,8.31,11.92,ok,-1.14,"{""1"": 9.99, ""3"": 11.63, ""6"": 8.61}",1.38,,,
Neogi,3.0,700.0,1.88,408.3,1.13,0.97,4.3,ok,-1.12,"{""1"": 2.33, ""3"": 2.22, ""6"": 1.3}",1.03,2.61,,
Cloud Giant Smiling One,11.0,7200.0,9.88,5784.0,9.09,8.94,11.63,ok,-1.12,"{""1"": 9.73, ""3"": 10.98, ""6"": 8.99}",0.74,,,
Githyanki Kith'rak,12.0,8400.0,10.88,7030.0,10.48,9.39,11.45,ok,-1.12,"{""1"": 10.04, ""3"": 11.14, ""6"": 11.45}",-1.41,,,
Phase Spider,3.0,700.0,1.91,418.3,1.15,0.47,4.3,ok,-1.09,"{""1"": 4.1, ""3"": 2.52, ""6"": 0.47}",3.63,2.09,,
Young Red Dragon,10.0,5900.0,8.91,4889.4,7.94,8.52,11.08,ok,-1.09,"{""1"": 8.58, ""3"": 9.41, ""6"": 8.99}",-0.41,,10.68,1.19
Duergar Xarrorn,2.0,450.0,0.92,179.0,0.47,0.45,1.77,ok,-1.08,"{""1"": 1.4, ""3"": 0.72, ""6"": 0.6}",0.8,1.56,,
Gold Dragon Wyrmling,3.0,700.0,1.93,425.2,1.18,0.97,4.1,ok,-1.07,"{""1"": 2.71, ""3"": 2.06, ""6"": 1.3}",1.41,2.4,,
Flameskull,4.0,1100.0,2.94,681.7,1.95,2.35,4.5,ok,-1.06,"{""1"": 2.89, ""3"": 3.58, ""6"": 2.77}",0.12,3.27,,
Guardian Naga,10.0,5900.0,8.95,4938.3,8.01,6.95,17.33,ok,-1.05,"{""1"": 12.96, ""3"": 8.0, ""6"": 8.29}",4.67,,,
Evoker Wizard,9.0,5000.0,7.95,3842.7,5.67,5.44,8.7,ok,-1.05,"{""1"": 5.68, ""3"": 8.46, ""6"": 8.42}",-2.74,,,
Hell Hound,3.0,700.0,1.97,439.2,1.23,0.69,3.73,ok,-1.03,"{""1"": 3.3, ""3"": 2.52, ""6"": 0.87}",2.43,2.49,,
Merrenoloth,3.0,700.0,1.97,439.2,1.23,0.69,4.1,ok,-1.03,"{""1"": 3.73, ""3"": 2.41, ""6"": 0.87}",2.86,0.87,,
Winter Wolf,3.0,700.0,1.99,446.4,1.26,0.69,4.3,ok,-1.01,"{""1"": 3.64, ""3"": 2.56, ""6"": 0.87}",2.77,2.32,,
Meenlock,2.0,450.0,1.0,200.0,0.49,0.33,1.85,ok,-1.0,"{""1"": 1.4, ""3"": 1.19, ""6"": 0.41}",0.99,1.45,,
Ettercap,2.0,450.0,1.01,201.6,0.49,0.25,3.64,ok,-0.99,"{""1"": 2.33, ""3"": 0.41, ""6"": 0.41}",1.92,0.64,,
Hobgoblin Captain,3.0,700.0,2.01,452.0,1.27,1.03,4.39,ok,-0.99,"{""1"": 4.1, ""3"": 1.83, ""6"": 1.3}",2.8,2.33,,
Yuan-ti Abomination,7.0,2900.0,6.01,2305.3,4.33,2.59,8.82,ok,-0.99,"{""1"": 8.58, ""3"": 6.42, ""6"": 3.61}",4.97,,,
Yeti,3.0,700.0,2.03,456.0,1.29,0.47,6.14,ok,-0.97,"{""1"": 5.68, ""3"": 1.66, ""6"": 0.69}",4.99,2.18,,
Lizardfolk Shaman,2.0,450.0,1.05,208.3,0.52,0.55,1.6,ok,-0.95,"{""1"": 1.19, ""3"": 0.89, ""6"": 1.07}",0.12,1.48,,
Githzerai Enlightened,10.0,5900.0,9.05,5041.6,8.2,8.29,9.89,ok,-0.95,"{""1"": 9.66, ""3"": 9.69, ""6"": 8.51}",1.15,,,
Maurezhi,7.0,2900.0,6.07,2337.6,4.36,2.9,8.52,ok,-0.93,"{""1"": 7.99, ""3"": 7.3, ""6"": 4.2}",3.79,,,
Priest,2.0,450.0,1.08,213.4,0.54,0.48,2.0,ok,-0.92,"{""1"": 1.85, ""3"": 0.72, ""6"": 0.6}",1.25,0.97,0.99,-0.03
Nycaloth,9.0,5000.0,8.08,3978.3,5.93,7.24,8.52,ok,-0.92,"{""1"": 8.33, ""3"": 8.26, ""6"": 7.24}",1.09,,,
Aboleth,10.0,5900.0,9.09,5075.0,8.24,8.63,10.49,ok,-0.91,"{""1"": 9.22, ""3"": 9.85, ""6"": 8.67}",0.55,,,
Myconid Sovereign,2.0,450.0,1.11,218.7,0.56,0.2,3.73,ok,-0.89,"{""1"": 2.71, ""3"": 1.1, ""6"": 0.21}",2.5,1.11,,
Sahuagin Priestess,2.0,450.0,1.11,218.7,0.56,0.2,2.89,ok,-0.89,"{""1"": 2.71, ""3"": 1.1, ""6"": 0.21}",2.5,1.8,,
Young Copper Dragon,7.0,2900.0,6.11,2359.4,4.38,4.57,8.03,ok,-0.89,"{""1"": 6.14, ""3"": 7.3, ""6"": 5.08}",1.06,,,
Faerie Dragon (Orange),1.0,200.0,0.13,25.7,0.1,0.08,0.17,ok,-0.87,"{""1"": 0.12, ""3"": 0.14, ""6"": 0.14}",-0.02,0.05,,
Faerie Dragon (Red),1.0,200.0,0.13,25.7,0.1,0.08,0.17,ok,-0.87,"{""1"": 0.12, ""3"": 0.14, ""6"": 0.14}",-0.02,0.05,,
Young Blue Dragon,9.0,5000.0,8.13,4028.0,6.06,5.98,8.87,ok,-0.87,"{""1"": 8.3, ""3"": 8.71, ""6"": 6.53}",1.77,,10.46,1.9
Hobgoblin Iron Shadow,2.0,450.0,1.13,222.2,0.57,0.33,1.7,ok,-0.87,"{""1"": 1.4, ""3"": 1.58, ""6"": 0.41}",0.99,0.59,,
Young Silver Dragon,9.0,5000.0,8.15,4048.1,6.11,5.98,9.08,ok,-0.85,"{""1"": 8.52, ""3"": 8.26, ""6"": 7.24}",1.28,,,
Duergar Screamer,3.0,700.0,2.15,480.8,1.37,1.63,3.3,ok,-0.85,"{""1"": 2.71, ""3"": 2.22, ""6"": 1.7}",1.01,0.76,,
Faerie Dragon (Yellow),1.0,200.0,0.16,30.4,0.12,0.08,0.25,ok,-0.84,"{""1"": 0.12, ""3"": 0.2, ""6"": 0.17}",-0.05,0.07,,
Blue Dragon Wyrmling,3.0,700.0,2.16,483.0,1.38,0.97,4.27,ok,-0.84,"{""1"": 3.64, ""3"": 2.41, ""6"": 1.3}",2.34,2.21,,
Nilbog,1.0,200.0,0.16,30.4,0.12,0.12,0.31,ok,-0.84,"{""1"": 0.15, ""3"": 0.2, ""6"": 0.14}",0.01,0.09,,
Giant Spider,1.0,200.0,0.17,32.1,0.13,0.05,1.03,ok,-0.83,"{""1"": 0.43, ""3"": 0.09, ""6"": 0.09}",0.34,,,
Gnoll Fang of Yeenoghu,4.0,1100.0,3.18,759.3,2.05,2.18,4.84,ok,-0.82,"{""1"": 4.39, ""3"": 3.58, ""6"": 2.29}",2.1,1.88,,
Champion,9.0,5000.0,8.18,4078.4,6.19,6.19,9.99,ok,-0.82,"{""1"": 9.88, ""3"": 6.89, ""6"": 7.24}",2.64,,,
Tarrasque,30.0,155000.0,29.19,138590.5,28.33,25.78,30.0,ok,-0.81,"{""1"": 30.0, ""3"": 26.09, ""6"": 27.96}",2.04,,,
Giant Shark,5.0,1800.0,4.2,1213.9,2.64,1.51,6.38,ok,-0.8,"{""1"": 6.38, ""3"": 4.99, ""6"": 1.51}",4.87,1.51,,
Catoblepas,5.0,1800.0,4.2,1213.9,2.64,1.2,7.81,ok,-0.8,"{""1"": 7.53, ""3"": 4.5, ""6"": 1.51}",6.02,3.56,,
Knight,3.0,700.0,2.21,493.8,1.42,1.14,4.66,ok,-0.79,"{""1"": 2.71, ""3"": 2.76, ""6"": 1.48}",1.23,1.73,,
Shadow Mastiff Alpha,3.0,700.0,2.21,493.8,1.41,1.12,3.3,ok,-0.79,"{""1"": 2.89, ""3"": 2.56, ""6"": 1.48}",1.41,1.93,,
Barlgura,5.0,1800.0,4.22,1225.9,2.67,1.97,5.35,ok,-0.78,"{""1"": 4.84, ""3"": 4.67, ""6"": 2.43}",2.41,1.29,,
Transmuter Wizard,5.0,1800.0,4.22,1225.9,2.67,1.97,7.53,ok,-0.78,"{""1"": 4.84, ""3"": 4.67, ""6"": 2.43}",2.41,2.05,,
Weretiger,4.0,1100.0,3.23,776.7,2.07,1.69,5.09,ok,-0.77,"{""1"": 4.84, ""3"": 3.58, ""6"": 1.92}",2.92,1.72,,
Gray Slaad,9.0,5000.0,8.25,4149.9,6.4,7.58,8.77,ok,-0.75,"{""1"": 8.3, ""3"": 8.07, ""6"": 8.39}",-0.09,,,
Bulezau,3.0,700.0,2.26,504.8,1.45,1.14,4.27,ok,-0.74,"{""1"": 3.64, ""3"": 2.41, ""6"": 1.48}",2.16,2.26,,
White Abishai,6.0,2300.0,5.26,1918.5,3.88,2.33,8.07,ok,-0.74,"{""1"": 7.8, ""3"": 7.25, ""6"": 2.44}",5.36,,,
Hydroloth,9.0,5000.0,8.26,4160.3,6.41,5.98,9.88,ok,-0.74,"{""1"": 9.73, ""3"": 7.58, ""6"": 7.24}",2.49,,,
Ogre Chain Brute,3.0,700.0,2.27,507.0,1.46,1.63,4.1,ok,-0.73,"{""1"": 3.73, ""3"": 2.06, ""6"": 1.7}",2.03,0.32,,
Killer Whale,3.0,700.0,2.28,509.3,1.46,0.97,4.84,ok,-0.72,"{""1"": 4.3, ""3"": 2.76, ""6"": 1.03}",3.27,0.85,,
Dhergoloth,7.0,2900.0,6.28,2454.2,4.46,5.42,7.99,ok,-0.72,"{""1"": 6.92, ""3"": 5.89, ""6"": 6.07}",0.85,,,
Kuo-toa Whip,1.0,200.0,0.29,55.9,0.24,0.24,0.61,ok,-0.71,"{""1"": 0.29, ""3"": 0.25, ""6"": 0.37}",-0.08,1.19,,
Bugbear Chief,3.0,700.0,2.29,511.5,1.47,1.03,4.1,ok,-0.71,"{""1"": 3.73, ""3"": 3.01, ""6"": 1.14}",2.59,2.24,,
Water Weird,3.0,700.0,2.29,511.5,1.47,1.03,5.68,ok,-0.71,"{""1"": 4.39, ""3"": 2.52, ""6"": 1.14}",3.25,0.27,,
Wererat,2.0,450.0,1.3,255.1,0.68,0.78,1.99,ok,-0.7,"{""1"": 1.4, ""3"": 1.7, ""6"": 0.78}",0.62,0.58,,
Bronze Dragon Wyrmling,2.0,450.0,1.31,257.2,0.69,0.49,1.89,ok,-0.69,"{""1"": 1.58, ""3"": 1.7, ""6"": 0.6}",0.98,0.93,,
Clay Golem,9.0,5000.0,8.32,4222.7,6.58,7.24,9.73,ok,-0.68,"{""1"": 9.57, ""3"": 8.07, ""6"": 7.24}",2.33,,,
Hobgoblin Devastator,4.0,1100.0,3.32,808.9,2.1,1.69,5.74,ok,-0.68,"{""1"": 4.3, ""3"": 4.5, ""6"": 1.92}",2.38,4.22,,
War Priest,9.0,5000.0,8.32,4222.7,6.58,4.78,15.92,ok,-0.68,"{""1"": 12.44, ""3"": 7.58, ""6"": 5.12}",7.32,,,
Elder Tempest,23.0,50000.0,22.32,43688.1,22.86,19.44,25.01,ok,-0.68,"{""1"": 22.74, ""3"": 24.31, ""6"": 20.36}",2.38,,,
Duergar Kavalrachni,2.0,450.0,1.34,263.5,0.71,0.87,2.0,ok,-0.66,"{""1"": 1.85, ""3"": 0.97, ""6"": 1.2}",0.65,0.66,,
Oinoloth,12.0,8400.0,11.35,7599.1,11.08,9.24,15.54,ok,-0.65,"{""1"": 14.42, ""3"": 10.38, ""6"": 10.04}",4.38,,,
Basilisk,3.0,700.0,2.36,527.6,1.52,1.03,4.95,ok,-0.64,"{""1"": 3.64, ""3"": 3.01, ""6"": 1.3}",2.34,2.45,,
Half-Red Dragon Veteran,5.0,1800.0,4.36,1313.4,2.86,1.7,7.53,ok,-0.64,"{""1"": 7.21, ""3"": 4.67, ""6"": 1.82}",5.39,1.53,,
Hobgoblin Warlord,6.0,2300.0,5.37,1970.9,3.95,2.92,8.29,ok,-0.63,"{""1"": 7.8, ""3"": 5.74, ""6"": 3.81}",3.99,1.93,,
Githyanki Knight,8.0,3900.0,7.37,3236.0,5.0,4.75,8.42,ok,-0.63,"{""1"": 8.28, ""3"": 8.2, ""6"": 4.95}",3.33,,,
Ki-rin,12.0,8400.0,11.37,7622.6,11.1,8.82,18.98,ok,-0.63,"{""1"": 18.6, ""3"": 9.13, ""6"": 9.0}",9.6,,,
Tanarukk,5.0,1800.0,4.38,1326.4,2.89,2.43,5.6,ok,-0.62,"{""1"": 5.09, ""3"": 4.96, ""6"": 2.43}",2.66,0.81,,
Unicorn,5.0,1800.0,4.39,1332.9,2.9,2.71,5.6,ok,-0.61,"{""1"": 5.09, ""3"": 4.5, ""6"": 2.91}",2.18,2.74,,
Empyrean,23.0,50000.0,22.41,44475.4,22.95,20.62,25.12,ok,-0.59,"{""1"": 23.0, ""3"": 23.5, ""6"": 20.91}",2.09,,,
Ulitharid,9.0,5000.0,8.41,4318.2,6.82,5.98,11.57,ok,-0.59,"{""1"": 11.57, ""3"": 7.0, ""6"": 7.24}",4.33,,,
Duergar,1.0,200.0,0.42,80.1,0.3,0.25,1.1,ok,-0.58,"{""1"": 0.84, ""3"": 0.31, ""6"": 0.27}",0.57,0.77,,
Cult Fanatic,2.0,450.0,1.42,281.2,0.76,0.49,2.33,ok,-0.58,"{""1"": 2.33, ""3"": 1.4, ""6"": 0.6}",1.73,1.17,,
Hunter Shark,2.0,450.0,1.42,281.2,0.77,0.48,3.73,ok,-0.58,"{""1"": 3.3, ""3"": 0.57, ""6"": 0.95}",2.35,0.55,,
Vargouille,1.0,200.0,0.42,80.1,0.3,0.21,1.94,ok,-0.58,"{""1"": 1.19, ""3"": 0.25, ""6"": 0.25}",0.94,0.83,,
Beholder Zombie,5.0,1800.0,4.43,1359.4,2.96,1.3,7.21,ok,-0.57,"{""1"": 6.38, ""3"": 6.57, ""6"": 1.51}",4.87,3.78,,
Quasit,1.0,200.0,0.44,84.7,0.31,0.21,1.22,ok,-0.56,"{""1"": 1.1, ""3"": 0.31, ""6"": 0.25}",0.85,1.06,,
Gibbering Mouther,2.0,450.0,1.45,288.1,0.79,0.78,2.17,ok,-0.55,"{""1"": 1.7, ""3"": 1.7, ""6"": 0.95}",0.75,1.11,,
Wastrilith,13.0,10000.0,12.45,9085.6,12.72,9.82,14.39,ok,-0.55,"{""1"": 11.57, ""3"": 13.26, ""6"": 12.66}",-1.09,,,
Invisible Stalker,6.0,2300.0,5.46,2014.8,4.01,4.21,8.07,ok,-0.54,"{""1"": 7.8, ""3"": 5.25, ""6"": 4.31}",3.49,,,
Xvart Warlock of Raxivort,1.0,200.0,0.46,89.5,0.32,0.26,0.89,ok,-0.54,"{""1"": 0.45, ""3"": 0.38, ""6"": 0.58}",-0.13,0.96,,
Rutterkin,2.0,450.0,1.46,290.4,0.79,0.49,2.17,ok,-0.54,"{""1"": 1.85, ""3"": 1.87, ""6"": 0.6}",1.25,0.76,,
Brass Dragon Wyrmling,1.0,200.0,0.47,92.0,0.33,0.24,1.22,ok,-0.53,"{""1"": 1.1, ""3"": 0.25, ""6"": 0.37}",0.73,0.72,,
Blackguard,8.0,3900.0,7.47,3333.3,5.12,5.11,8.84,ok,-0.53,"{""1"": 8.58, ""3"": 6.56, ""6"": 6.34}",2.24,,,
Venom Troll,7.0,2900.0,6.49,2576.7,4.55,4.46,8.52,ok,-0.51,"{""1"": 8.44, ""3"": 6.42, ""6"": 4.57}",3.87,,,
Gas Spore,0.5,100.0,0.0,10.0,0.0,0.0,0.0,left,-0.5,"{""1"": 0.0, ""3"": 0.0, ""6"": 0.0}",0.0,0.0,,
Dryad,1.0,200.0,0.5,100.0,0.34,0.24,1.77,ok,-0.5,"{""1"": 1.4, ""3"": 0.25, ""6"": 0.27}",1.13,0.87,,
Spy,1.0,200.0,0.5,100.0,0.34,0.24,1.4,ok,-0.5,"{""1"": 1.22, ""3"": 0.25, ""6"": 0.37}",0.85,0.6,,
Ghast,2.0,450.0,1.5,300.0,0.82,0.49,3.3,ok,-0.5,"{""1"": 2.71, ""3"": 1.4, ""6"": 0.6}",2.11,1.02,,
Copper Dragon Wyrmling,1.0,200.0,0.51,101.4,0.34,0.31,1.03,ok,-0.49,"{""1"": 0.84, ""3"": 0.4, ""6"": 0.43}",0.41,0.98,,
Master Thief,5.0,1800.0,4.51,1414.1,3.06,1.7,7.81,ok,-0.49,"{""1"": 7.53, ""3"": 4.96, ""6"": 1.82}",5.71,1.27,,
Green Slaad,8.0,3900.0,7.52,3383.0,5.17,5.64,8.4,ok,-0.48,"{""1"": 8.1, ""3"": 7.21, ""6"": 7.12}",0.98,,,
Wraith,5.0,1800.0,4.53,1428.1,3.09,3.07,6.38,ok,-0.47,"{""1"": 5.6, ""3"": 4.46, ""6"": 3.44}",2.16,3.4,,
Medusa,6.0,2300.0,5.53,2049.7,4.05,2.6,8.39,ok,-0.47,"{""1"": 7.8, ""3"": 7.08, ""6"": 2.92}",4.88,,7.42,0.91
Mammoth,6.0,2300.0,5.53,2049.7,4.05,2.33,8.7,ok,-0.47,"{""1"": 8.55, ""3"": 6.57, ""6"": 2.44}",6.11,,,
Grung Elite Warrior,2.0,450.0,1.54,309.9,0.84,0.78,2.89,ok,-0.46,"{""1"": 2.66, ""3"": 1.4, ""6"": 0.78}",1.88,2.68,,
Tortle Druid,2.0,450.0,1.54,309.9,0.85,1.03,3.3,ok,-0.46,"{""1"": 2.33, ""3"": 1.1, ""6"": 1.33}",1.0,1.27,,
Deathlock Wight,3.0,700.0,2.55,573.8,1.66,1.7,4.39,ok,-0.45,"{""1"": 4.1, ""3"": 2.52, ""6"": 1.82}",2.28,0.31,,
Giant Crocodile,5.0,1800.0,4.57,1456.5,3.15,2.71,6.38,ok,-0.43,"{""1"": 5.89, ""3"": 4.67, ""6"": 2.91}",2.98,1.37,,
Young Brass Dragon,6.0,2300.0,5.57,2069.9,4.08,4.21,8.17,ok,-0.43,"{""1"": 6.9, ""3"": 6.57, ""6"": 4.31}",2.59,,,
Banderhobb,5.0,1800.0,4.57,1456.5,3.15,3.07,6.38,ok,-0.43,"{""1"": 5.89, ""3"": 4.46, ""6"": 3.44}",2.45,1.58,,
Rug of Smothering,2.0,450.0,1.61,328.0,0.9,0.49,3.3,ok,-0.39,"{""1"": 2.33, ""3"": 1.99, ""6"": 0.6}",1.73,0.52,,
Choker,1.0,200.0,0.61,116.5,0.38,0.31,1.4,ok,-0.39,"{""1"": 1.22, ""3"": 0.4, ""6"": 0.37}",0.85,1.19,,
Lion,1.0,200.0,0.62,118.1,0.38,0.26,1.7,ok,-0.38,"{""1"": 1.4, ""3"": 0.31, ""6"": 0.37}",1.03,1.17,,
Giant Ape,7.0,2900.0,6.62,2655.5,4.61,4.46,8.71,ok,-0.38,"{""1"": 8.29, ""3"": 6.81, ""6"": 4.72}",3.57,,,
Bard,2.0,450.0,1.63,333.4,0.9,0.95,2.89,ok,-0.37,"{""1"": 2.66, ""3"": 1.4, ""6"": 1.07}",1.59,1.21,,
Nightmare,3.0,700.0,2.65,599.7,1.73,1.63,4.3,ok,-0.35,"{""1"": 4.1, ""3"": 2.56, ""6"": 2.0}",2.1,1.85,,
Quaggoth,2.0,450.0,1.66,341.6,0.93,0.78,4.1,ok,-0.34,"{""1"": 2.71, ""3"": 1.58, ""6"": 0.95}",1.76,1.06,,
Sea Spawn,1.0,200.0,0.66,124.8,0.39,0.37,0.95,ok,-0.34,"{""1"": 0.81, ""3"": 0.78, ""6"": 0.44}",0.37,0.81,,
Cave Fisher,3.0,700.0,2.66,602.4,1.74,1.7,4.53,ok,-0.34,"{""1"": 4.39, ""3"": 2.56, ""6"": 1.82}",2.57,1.86,,
Mind Flayer,7.0,2900.0,6.67,2686.4,4.64,4.46,9.28,ok,-0.33,"{""1"": 9.01, ""3"": 5.52, ""6"": 4.57}",4.44,,8.61,0.24
Kraken Priest,5.0,1800.0,4.67,1530.0,3.28,1.9,7.81,ok,-0.33,"{""1"": 7.21, ""3"": 5.79, ""6"": 1.97}",5.24,3.35,,
Frost Salamander,9.0,5000.0,8.67,4606.4,7.42,7.24,9.88,ok,-0.33,"{""1"": 9.73, ""3"": 8.59, ""6"": 8.13}",1.6,,,
Green Dragon Wyrmling,2.0,450.0,1.68,347.1,0.94,0.78,2.89,ok,-0.32,"{""1"": 2.33, ""3"": 1.87, ""6"": 0.95}",1.38,2.35,,
Sea Hag,2.0,450.0,1.68,347.1,0.94,0.78,3.3,ok,-0.32,"{""1"": 2.33, ""3"": 1.87, ""6"": 0.95}",1.38,0.92,,
Young Green Dragon,8.0,3900.0,7.68,3547.2,5.35,5.11,8.4,ok,-0.32,"{""1"": 8.28, ""3"": 7.95, ""6"": 6.34}",1.94,,,
Archer,3.0,700.0,2.68,607.7,1.76,1.63,5.09,ok,-0.32,"{""1"": 4.3, ""3"": 2.76, ""6"": 1.8}",2.5,2.19,,
Silver Dragon Wyrmling,2.0,450.0,1.69,350.0,0.94,0.78,3.3,ok,-0.31,"{""1"": 2.89, ""3"": 1.7, ""6"": 0.78}",2.11,1.62,,
Cloud Giant,9.0,5000.0,8.69,4629.3,7.46,8.24,9.99,ok,-0.31,"{""1"": 9.88, ""3"": 8.4, ""6"": 8.3}",1.58,,,
Yuan-ti Malison (Type 1),3.0,700.0,2.7,613.1,1.77,0.9,8.94,ok,-0.3,"{""1"": 8.86, ""3"": 1.29, ""6"": 1.12}",7.74,0.12,,
Mimic,2.0,450.0,1.71,355.7,0.96,0.78,3.3,ok,-0.29,"{""1"": 2.71, ""3"": 1.87, ""6"": 0.78}",1.93,1.08,,
White Dragon Wyrmling,2.0,450.0,1.71,355.7,0.96,0.49,3.3,ok,-0.29,"{""1"": 2.71, ""3"": 1.87, ""6"": 0.78}",1.93,1.88,,
Redcap,3.0,700.0,2.71,615.8,1.78,1.63,4.66,ok,-0.29,"{""1"": 4.53, ""3"": 2.76, ""6"": 1.7}",2.83,1.6,,
Black Abishai,7.0,2900.0,6.71,2711.5,4.65,4.57,8.2,ok,-0.29,"{""1"": 8.14, ""3"": 7.3, ""6"": 4.76}",3.38,,,
Dust Mephit,0.5,100.0,0.22,42.3,0.17,0.14,0.29,ok,-0.28,"{""1"": 0.25, ""3"": 0.17, ""6"": 0.21}",0.04,0.17,,
Magmin,0.5,100.0,0.22,42.3,0.17,0.14,0.33,ok,-0.28,"{""1"": 0.2, ""3"": 0.22, ""6"": 0.23}",-0.03,0.85,,
Erinyes,12.0,8400.0,11.72,8045.2,11.67,9.87,15.54,ok,-0.28,"{""1"": 15.54, ""3"": 9.87, ""6"": 11.18}",4.36,,9.17,-2.83
Star Spawn Mangler,5.0,1800.0,4.72,1568.1,3.34,1.97,7.81,ok,-0.28,"{""1"": 7.53, ""3"": 5.35, ""6"": 2.15}",5.38,1.42,,
Corpse Flower,8.0,3900.0,7.72,3589.5,5.4,5.33,8.84,ok,-0.28,"{""1"": 8.58, ""3"": 7.95, ""6"": 5.72}",2.86,,,
Ankheg,2.0,450.0,1.73,361.5,0.97,0.45,3.73,ok,-0.27,"{""1"": 3.3, ""3"": 1.89, ""6"": 0.58}",2.72,1.55,,
Adult Oblex,5.0,1800.0,4.73,1575.9,3.36,2.43,7.81,ok,-0.27,"{""1"": 7.53, ""3"": 4.67, ""6"": 2.71}",4.82,1.3,,
Treant,9.0,5000.0,8.74,4687.2,7.56,8.3,9.34,ok,-0.26,"{""1"": 9.11, ""3"": 8.59, ""6"": 8.58}",0.53,,,
Storm Giant,13.0,10000.0,12.74,9556.8,13.17,11.16,17.37,ok,-0.26,"{""1"": 16.85, ""3"": 11.87, ""6"": 11.64}",5.21,,,
Acolyte,0.25,50.0,0.0,10.0,0.0,0.0,0.0,left,-0.25,"{""1"": 0.0, ""3"": 0.0, ""6"": 0.0}",0.0,0.11,,
Pixie,0.25,50.0,0.0,10.0,0.0,0.0,0.0,left,-0.25,"{""1"": 0.0, ""3"": 0.0, ""6"": 0.0}",0.0,0.0,,
Cockatrice,0.5,100.0,0.25,50.0,0.22,0.22,0.36,ok,-0.25,"{""1"": 0.29, ""3"": 0.22, ""6"": 0.27}",0.02,0.82,,
Hobgoblin,0.5,100.0,0.25,50.0,0.2,0.18,0.33,ok,-0.25,"{""1"": 0.23, ""3"": 0.25, ""6"": 0.25}",-0.02,1.14,,
Grick,2.0,450.0,1.75,367.4,0.98,0.78,3.3,ok,-0.25,"{""1"": 2.71, ""3"": 1.99, ""6"": 0.78}",1.93,1.51,,
Giant Sea Horse,0.5,100.0,0.27,52.9,0.23,0.21,0.95,ok,-0.23,"{""1"": 0.61, ""3"": 0.22, ""6"": 0.25}",0.36,-0.02,,
Vrock,6.0,2300.0,5.77,2173.9,4.19,3.67,8.02,ok,-0.23,"{""1"": 7.8, ""3"": 6.79, ""6"": 4.1}",3.7,,7.48,1.9
Black Dragon Wyrmling,2.0,450.0,1.78,376.5,1.01,0.95,3.73,ok,-0.22,"{""1"": 3.3, ""3"": 1.58, ""6"": 1.07}",2.23,1.1,,
Berserker,2.0,450.0,1.79,379.5,1.02,0.78,2.89,ok,-0.21,"{""1"": 2.66, ""3"": 1.99, ""6"": 0.95}",1.71,1.39,,
Yuan-ti Malison (Type 3),3.0,700.0,2.79,638.0,1.84,0.9,8.94,ok,-0.21,"{""1"": 8.86, ""3"": 1.29, ""6"": 1.3}",7.56,0.16,,
Howler,8.0,3900.0,7.79,3664.8,5.48,4.75,9.01,ok,-0.21,"{""1"": 8.84, ""3"": 8.2, ""6"": 4.95}",3.89,1.05,,
Darkling Elder,2.0,450.0,1.8,382.6,1.03,1.13,4.1,ok,-0.2,"{""1"": 2.33, ""3"": 1.99, ""6"": 1.2}",1.13,2.29,,
Scout,0.5,100.0,0.31,59.0,0.24,0.22,0.49,ok,-0.19,"{""1"": 0.29, ""3"": 0.25, ""6"": 0.41}",-0.12,1.16,,
Giant Boar,2.0,450.0,1.81,385.7,1.04,0.78,4.1,ok,-0.19,"{""1"": 3.64, ""3"": 1.87, ""6"": 0.78}",2.86,0.84,,
Spawn of Kyuss,5.0,1800.0,4.81,1639.2,3.46,3.07,6.38,ok,-0.19,"{""1"": 6.38, ""3"": 4.96, ""6"": 3.44}",2.94,0.58,,
Myconid Adult,0.5,100.0,0.32,60.7,0.25,0.22,0.45,ok,-0.18,"{""1"": 0.37, ""3"": 0.25, ""6"": 0.36}",0.01,0.83,,
Otyugh,5.0,1800.0,4.82,1647.3,3.48,2.1,7.21,ok,-0.18,"{""1"": 6.38, ""3"": 6.57, ""6"": 2.43}",3.95,2.89,,
Young Remorhaz,5.0,1800.0,4.83,1655.4,3.48,1.9,8.28,ok,-0.17,"{""1"": 7.75, ""3"": 6.26, ""6"": 1.97}",5.78,1.31,,
Graz'zt,24.0,62000.0,23.83,59773.7,24.01,21.28,27.3,ok,-0.17,"{""1"": 23.0, ""3"": 26.91, ""6"": 22.08}",0.92,,,
Yuan-ti Pureblood,1.0,200.0,0.84,160.2,0.44,0.2,3.0,ok,-0.16,"{""1"": 2.97, ""3"": 0.24, ""6"": 0.25}",2.72,-0.02,,
Pentadrone,2.0,450.0,1.84,395.2,1.08,0.78,4.39,ok,-0.16,"{""1"": 4.27, ""3"": 1.58, ""6"": 0.95}",3.32,2.27,,
Giant Vulture,1.0,200.0,0.85,162.5,0.45,0.25,1.77,ok,-0.15,"{""1"": 1.6, ""3"": 0.78, ""6"": 0.27}",1.33,1.04,,
Crocodile,0.5,100.0,0.36,67.8,0.26,0.22,1.03,ok,-0.14,"{""1"": 0.43, ""3"": 0.25, ""6"": 0.41}",0.02,0.68,,
Ice Mephit,0.5,100.0,0.37,69.7,0.27,0.21,1.6,ok,-0.13,"{""1"": 1.4, ""3"": 0.22, ""6"": 0.21}",1.19,0.95,,
Nothic,2.0,450.0,1.87,405.0,1.12,0.95,3.3,ok,-0.13,"{""1"": 2.89, ""3"": 1.99, ""6"": 1.07}",1.82,1.03,,
Maw Demon,1.0,200.0,0.87,167.0,0.45,0.37,1.84,ok,-0.13,"{""1"": 1.6, ""3"": 0.54, ""6"": 0.44}",1.16,1.31,,
Ochre Jelly,2.0,450.0,1.88,408.3,1.12,0.49,4.46,ok,-0.12,"{""1"": 4.1, ""3"": 2.17, ""6"": 0.6}",3.5,0.3,,
Orc Eye of Gruumsh,2.0,450.0,1.88,408.3,1.12,0.49,4.39,ok,-0.12,"{""1"": 4.27, ""3"": 1.99, ""6"": 0.6}",3.67,2.24,,
Triceratops,5.0,1800.0,4.88,1696.7,3.55,3.44,7.16,ok,-0.12,"{""1"": 5.89, ""3"": 5.35, ""6"": 4.03}",1.86,2.72,,
Swarm of Rot Grubs,0.5,100.0,0.38,71.7,0.28,0.21,1.19,ok,-0.12,"{""1"": 0.95, ""3"": 0.25, ""6"": 0.25}",0.7,0.35,,
Lizardfolk,0.5,100.0,0.39,73.7,0.28,0.22,1.22,ok,-0.11,"{""1"": 1.1, ""3"": 0.22, ""6"": 0.27}",0.83,0.7,,
Poltergeist,2.0,450.0,1.89,411.6,1.14,0.49,4.46,ok,-0.11,"{""1"": 4.1, ""3"": 1.99, ""6"": 0.78}",3.32,0.58,,
Duergar Mind Master,2.0,450.0,1.89,411.6,1.13,0.49,4.1,ok,-0.11,"{""1"": 3.64, ""3"": 2.17, ""6"": 0.78}",2.86,0.94,,
Shadow Mastiff,2.0,450.0,1.89,411.6,1.14,0.58,4.46,ok,-0.11,"{""1"": 4.1, ""3"": 1.99, ""6"": 0.78}",3.32,1.02,,
Giant Centipede,0.25,50.0,0.15,28.7,0.12,0.12,0.23,ok,-0.1,"{""1"": 0.15, ""3"": 0.15, ""6"": 0.15}",0.0,0.45,,
Violet Fungus,0.25,50.0,0.15,28.7,0.12,0.12,0.19,ok,-0.1,"{""1"": 0.15, ""3"": 0.16, ""6"": 0.16}",-0.01,0.03,,
Adult Kruthik,2.0,450.0,1.9,414.9,1.15,0.78,4.3,ok,-0.1,"{""1"": 3.64, ""3"": 1.99, ""6"": 0.95}",2.69,2.2,,
Flind,9.0,5000.0,8.9,4877.3,7.9,8.24,9.84,ok,-0.1,"{""1"": 9.34, ""3"": 9.6, ""6"": 8.3}",1.04,,,
Tiger,1.0,200.0,0.91,176.5,0.46,0.37,1.77,ok,-0.09,"{""1"": 1.7, ""3"": 0.54, ""6"": 0.44}",1.26,1.11,,
Giant Elk,2.0,450.0,1.91,418.3,1.16,0.45,4.1,ok,-0.09,"{""1"": 3.64, ""3"": 2.57, ""6"": 0.58}",3.06,1.06,,
Quetzalcoatlus,2.0,450.0,1.91,418.3,1.16,0.45,4.46,ok,-0.09,"{""1"": 4.39, ""3"": 2.17, ""6"": 0.49}",3.9,1.35,,
Pseudodragon,0.25,50.0,0.17,32.1,0.13,0.03,0.24,ok,-0.08,"{""1"": 0.12, ""3"": 0.19, ""6"": 0.19}",-0.07,0.08,,
Steam Mephit,0.25,50.0,0.17,32.1,0.13,0.12,0.25,ok,-0.08,"{""1"": 0.2, ""3"": 0.15, ""6"": 0.15}",0.05,0.47,,
Gnoll,0.5,100.0,0.42,80.1,0.3,0.22,1.03,ok,-0.08,"{""1"": 0.84, ""3"": 0.25, ""6"": 0.36}",0.48,0.4,,
Spined Devil,2.0,450.0,1.92,421.7,1.17,0.95,2.89,ok,-0.08,"{""1"": 2.33, ""3"": 2.77, ""6"": 1.07}",1.26,1.77,,
Drider,6.0,2300.0,5.92,2255.3,4.28,2.44,8.44,ok,-0.08,"{""1"": 8.38, ""3"": 7.25, ""6"": 2.92}",5.46,,,
Grung,0.25,50.0,0.17,32.1,0.13,0.13,0.25,ok,-0.08,"{""1"": 0.2, ""3"": 0.16, ""6"": 0.16}",0.04,0.35,,
Nupperibo,0.5,100.0,0.42,80.1,0.3,0.17,0.92,ok,-0.08,"{""1"": 0.37, ""3"": 0.25, ""6"": 0.79}",-0.42,0.81,,
Poisonous Snake,0.125,25.0,0.05,14.4,0.05,0.02,0.11,ok,-0.07,"{""1"": 0.05, ""3"": 0.05, ""6"": 0.05}",0.0,0.04,,
Aarakocra,0.25,50.0,0.18,33.9,0.14,0.12,0.29,ok,-0.07,"{""1"": 0.23, ""3"": 0.15, ""6"": 0.15}",0.08,0.26,,
Goblin,0.25,50.0,0.18,33.9,0.13,0.12,0.24,ok,-0.07,"{""1"": 0.15, ""3"": 0.19, ""6"": 0.19}",-0.04,0.07,,
Boggle,0.125,25.0,0.05,14.4,0.05,0.0,0.16,ok,-0.07,"{""1"": 0.05, ""3"": 0.05, ""6"": 0.05}",0.0,0.13,,
Boar,0.25,50.0,0.19,35.8,0.15,0.16,0.23,ok,-0.06,"{""1"": 0.2, ""3"": 0.19, ""6"": 0.19}",0.01,0.15,,
Drow,0.25,50.0,0.19,35.8,0.15,0.13,0.33,ok,-0.06,"{""1"": 0.25, ""3"": 0.16, ""6"": 0.16}",0.09,0.45,,
Deep Gnome (Svirfneblin),0.5,100.0,0.44,84.7,0.31,0.21,1.22,ok,-0.06,"{""1"": 1.1, ""3"": 0.33, ""6"": 0.25}",0.85,0.43,,
Rhinoceros,2.0,450.0,1.94,428.6,1.19,0.78,4.1,ok,-0.06,"{""1"": 3.73, ""3"": 2.15, ""6"": 0.95}",2.78,1.09,,
Derro,0.25,50.0,0.19,35.8,0.15,0.08,0.24,ok,-0.06,"{""1"": 0.12, ""3"": 0.22, ""6"": 0.22}",-0.1,0.24,,
Giant Wasp,0.5,100.0,0.45,87.1,0.32,0.22,1.7,ok,-0.05,"{""1"": 1.4, ""3"": 0.22, ""6"": 0.27}",1.13,1.07,,
Vine Blight,0.5,100.0,0.45,87.1,0.32,0.25,1.1,ok,-0.05,"{""1"": 0.95, ""3"": 0.33, ""6"": 0.27}",0.68,,,
Giant Constrictor Snake,2.0,450.0,1.95,432.1,1.2,0.78,4.1,ok,-0.05,"{""1"": 4.1, ""3"": 2.26, ""6"": 0.78}",3.32,1.4,,
Gorgon,5.0,1800.0,4.95,1756.2,3.65,2.43,7.53,ok,-0.05,"{""1"": 6.97, ""3"": 6.26, ""6"": 2.71}",4.26,2.72,,
Stirge,0.125,25.0,0.09,19.3,0.07,0.02,0.14,ok,-0.04,"{""1"": 0.09, ""3"": 0.09, ""6"": 0.09}",0.0,0.11,,
Tyrannosaurus Rex,8.0,3900.0,7.96,3854.1,5.67,5.33,8.64,ok,-0.04,"{""1"": 8.28, ""3"": 8.35, ""6"": 6.34}",1.94,,,
Apprentice Wizard,0.25,50.0,0.21,40.1,0.17,0.13,0.29,ok,-0.04,"{""1"": 0.25, ""3"": 0.19, ""6"": 0.19}",0.06,0.43,,
Darkling,0.5,100.0,0.46,89.5,0.32,0.21,1.4,ok,-0.04,"{""1"": 1.19, ""3"": 0.33, ""6"": 0.25}",0.94,0.99,,
Aurochs,2.0,450.0,1.96,435.6,1.22,0.49,4.46,ok,-0.04,"{""1"": 4.39, ""3"": 2.26, ""6"": 0.6}",3.79,2.16,,
Panther,0.25,50.0,0.22,42.3,0.18,0.18,0.29,ok,-0.03,"{""1"": 0.23, ""3"": 0.22, ""6"": 0.22}",0.01,0.23,,
Mud Mephit,0.25,50.0,0.22,42.3,0.18,0.16,0.25,ok,-0.03,"{""1"": 0.18, ""3"": 0.24, ""6"": 0.24}",-0.06,,,
Jackalwere,0.5,100.0,0.47,92.0,0.33,0.22,1.22,ok,-0.03,"{""1"": 1.1, ""3"": 0.25, ""6"": 0.36}",0.74,0.9,,
Thug,0.5,100.0,0.47,92.0,0.33,0.22,0.95,ok,-0.03,"{""1"": 0.81, ""3"": 0.33, ""6"": 0.41}",0.4,0.76,,
Ogre Bolt Launcher,2.0,450.0,1.97,439.2,1.23,0.95,4.3,ok,-0.03,"{""1"": 3.64, ""3"": 2.17, ""6"": 1.07}",2.57,1.73,,
Kuo-toa,0.25,50.0,0.23,44.8,0.19,0.19,0.29,ok,-0.02,"{""1"": 0.25, ""3"": 0.22, ""6"": 0.22}",0.03,0.02,,
Darkmantle,0.5,100.0,0.48,94.6,0.33,0.22,1.03,ok,-0.02,"{""1"": 0.95, ""3"": 0.25, ""6"": 0.49}",0.46,0.85,,
Giant Goat,0.5,100.0,0.48,94.6,0.33,0.25,1.22,ok,-0.02,"{""1"": 1.1, ""3"": 0.33, ""6"": 0.27}",0.83,0.84,,
Kobold Inventor,0.25,50.0,0.23,44.8,0.18,0.03,0.43,ok,-0.02,"{""1"": 0.08, ""3"": 0.35, ""6"": 0.35}",-0.27,,,
Duergar Hammerer,2.0,450.0,1.98,442.8,1.24,1.13,4.27,ok,-0.02,"{""1"": 3.64, ""3"": 1.99, ""6"": 1.2}",2.44,1.87,,
Ogre Howdah,2.0,450.0,1.98,442.8,1.24,0.95,4.39,ok,-0.02,"{""1"": 4.27, ""3"": 1.89, ""6"": 1.07}",3.2,0.89,,
Wolf,0.25,50.0,0.24,47.3,0.2,0.19,0.33,ok,-0.01,"{""1"": 0.29, ""3"": 0.22, ""6"": 0.22}",0.07,0.71,,
Bat,0.0,10.0,0.0,10.0,0.0,0.0,0.0,left,0.0,"{""1"": 0.0, ""3"": 0.0, ""6"": 0.0}",0.0,0.0,,
Commoner,0.0,10.0,0.0,10.0,0.01,0.0,0.02,ok,0.0,"{""1"": 0.0, ""3"": 0.0, ""6"": 0.0}",0.0,0.01,,
Baboon,0.0,10.0,0.0,10.0,0.0,0.0,0.0,left,0.0,"{""1"": 0.0, ""3"": 0.0, ""6"": 0.0}",0.0,0.0,,
Crab,0.0,10.0,0.0,10.0,0.0,0.0,0.0,left,0.0,"{""1"": 0.0, ""3"": 0.0, ""6"": 0.0}",0.0,0.0,,
Badger,0.0,10.0,0.0,10.0,0.0,0.0,0.0,left,0.0,"{""1"": 0.0, ""3"": 0.0, ""6"": 0.0}",0.0,0.0,,
Cat,0.0,10.0,0.0,10.0,0.0,0.0,0.0,left,0.0,"{""1"": 0.0, ""3"": 0.0, ""6"": 0.0}",0.0,0.0,,
Frog,0.0,10.0,0.0,10.0,0.0,0.0,0.0,left,0.0,"{""1"": 0.0, ""3"": 0.0, ""6"": 0.0}",0.0,0.0,,
Hawk,0.0,10.0,0.0,10.0,0.01,0.0,0.0,ok,0.0,"{""1"": 0.0, ""3"": 0.0, ""6"": 0.0}",0.0,0.0,,
Lizard,0.0,10.0,0.0,10.0,0.0,0.0,0.0,left,0.0,"{""1"": 0.0, ""3"": 0.0, ""6"": 0.0}",0.0,0.0,,
Jackal,0.0,10.0,0.0,10.0,0.0,0.0,0.0,left,0.0,"{""1"": 0.0, ""3"": 0.0, ""6"": 0.0}",0.0,0.0,,
Octopus,0.0,10.0,0.0,10.0,0.0,0.0,0.0,left,0.0,"{""1"": 0.0, ""3"": 0.0, ""6"": 0.0}",0.0,0.0,,
Owl,0.0,10.0,0.0,10.0,0.0,0.0,0.0,left,0.0,"{""1"": 0.0, ""3"": 0.0, ""6"": 0.0}",0.0,0.0,,
Quipper,0.0,10.0,0.0,10.0,0.0,0.0,0.0,left,0.0,"{""1"": 0.0, ""3"": 0.0, ""6"": 0.0}",0.0,0.0,,
Rat,0.0,10.0,0.0,10.0,0.0,0.0,0.0,left,0.0,"{""1"": 0.0, ""3"": 0.0, ""6"": 0.0}",0.0,0.0,,
Spider,0.0,10.0,0.0,10.0,0.01,0.0,0.0,ok,0.0,"{""1"": 0.0, ""3"": 0.0, ""6"": 0.0}",0.0,0.0,,
Sea Horse,0.0,10.0,0.0,10.0,0.0,0.0,0.0,left,0.0,"{""1"": 0.0, ""3"": 0.0, ""6"": 0.0}",0.0,0.0,,
Raven,0.0,10.0,0.0,10.0,0.0,0.0,0.0,left,0.0,"{""1"": 0.0, ""3"": 0.0, ""6"": 0.0}",0.0,0.0,,
Shrieker,0.0,10.0,0.0,10.0,0.0,0.0,0.0,left,0.0,"{""1"": 0.0, ""3"": 0.0, ""6"": 0.0}",0.0,0.0,,
Weasel,0.0,10.0,0.0,10.0,0.01,0.0,0.0,ok,0.0,"{""1"": 0.0, ""3"": 0.0, ""6"": 0.0}",0.0,0.0,,
Bullywug,0.25,50.0,0.25,50.0,0.22,0.16,0.35,ok,0.0,"{""1"": 0.25, ""3"": 0.25, ""6"": 0.25}",0.0,0.68,,
Constrictor Snake,0.25,50.0,0.25,50.0,0.21,0.22,0.43,ok,0.0,"{""1"": 0.29, ""3"": 0.24, ""6"": 0.24}",0.05,0.61,,
Dretch,0.25,50.0,0.25,50.0,0.2,0.15,0.33,ok,0.0,"{""1"": 0.29, ""3"": 0.23, ""6"": 0.23}",0.06,0.28,,
Grimlock,0.25,50.0,0.25,50.0,0.21,0.15,0.61,ok,0.0,"{""1"": 0.43, ""3"": 0.23, ""6"": 0.23}",0.2,0.42,,
Kenku,0.25,50.0,0.25,50.0,0.2,0.15,0.33,ok,0.0,"{""1"": 0.29, ""3"": 0.23, ""6"": 0.23}",0.06,0.44,,
Needle Blight,0.25,50.0,0.25,50.0,0.21,0.16,0.33,ok,0.0,"{""1"": 0.25, ""3"": 0.24, ""6"": 0.24}",0.01,0.39,,
Riding Horse,0.25,50.0,0.25,50.0,0.22,0.19,0.95,ok,0.0,"{""1"": 0.61, ""3"": 0.22, ""6"": 0.22}",0.39,0.53,,
Skeleton,0.25,50.0,0.25,50.0,0.2,0.22,0.29,ok,0.0,"{""1"": 0.25, ""3"": 0.24, ""6"": 0.24}",0.01,0.33,,
Magma Mephit,0.5,100.0,0.5,100.0,0.34,0.14,1.77,ok,0.0,"{""1"": 1.4, ""3"": 0.22, ""6"": 0.41}",0.99,0.82,,
Orc,0.5,100.0,0.5,100.0,0.34,0.21,1.77,ok,0.0,"{""1"": 1.6, ""3"": 0.33, ""6"": 0.21}",1.39,0.83,,
Piercer,0.5,100.0,0.5,100.0,0.34,0.22,1.4,ok,0.0,"{""1"": 1.22, ""3"": 0.25, ""6"": 0.36}",0.86,0.17,,
Bugbear,1.0,200.0,1.0,200.0,0.49,0.31,2.23,ok,0.0,"{""1"": 1.94, ""3"": 0.54, ""6"": 0.44}",1.5,0.9,1.6,0.0
Half-Ogre (Ogrillon),1.0,200.0,1.0,200.0,0.49,0.37,1.84,ok,0.0,"{""1"": 1.7, ""3"": 0.81, ""6"": 0.44}",1.26,1.69,,
Ogre,2.0,450.0,2.0,450.0,1.26,0.78,3.73,ok,0.0,"{""1"": 3.73, ""3"": 2.44, ""6"": 0.95}",2.78,0.62,2.6,-0.04
Owlbear,3.0,700.0,3.0,700.0,1.99,2.0,4.84,ok,0.0,"{""1"": 4.3, ""3"": 3.39, ""6"": 2.28}",2.02,1.87,3.48,-0.91
Ettin,4.0,1100.0,4.0,1100.0,2.37,1.27,7.21,ok,0.0,"{""1"": 6.38, ""3"": 4.65, ""6"": 1.35}",5.03,1.54,,
Hill Giant,5.0,1800.0,5.0,1800.0,3.72,2.71,8.28,ok,0.0,"{""1"": 7.75, ""3"": 5.35, ""6"": 2.91}",4.84,2.45,6.12,-0.54
Cyclops,6.0,2300.0,6.0,2300.0,4.33,4.21,8.07,ok,0.0,"{""1"": 7.8, ""3"": 7.08, ""6"": 4.31}",3.49,,,
Stone Giant,7.0,2900.0,7.0,2900.0,4.79,4.57,8.52,ok,0.0,"{""1"": 7.99, ""3"": 7.74, ""6"": 5.08}",2.91,,,
Chain Devil,8.0,3900.0,8.0,3900.0,5.73,7.37,8.58,ok,0.0,"{""1"": 7.75, ""3"": 8.2, ""6"": 7.82}",-0.07,,,
Frost Giant,8.0,3900.0,8.0,3900.0,5.73,5.11,8.71,ok,0.0,"{""1"": 8.71, ""3"": 7.95, ""6"": 6.34}",2.37,,,
Fire Giant,9.0,5000.0,9.0,5000.0,8.15,8.24,9.99,ok,0.0,"{""1"": 9.88, ""3"": 9.6, ""6"": 8.39}",1.49,,,
Stone Golem,10.0,5900.0,10.0,5900.0,9.28,8.63,12.0,ok,0.0,"{""1"": 11.2, ""3"": 10.7, ""6"": 8.67}",2.53,,,
Goristro,17.0,18000.0,17.0,18000.0,16.64,12.35,20.72,ok,0.0,"{""1"": 20.72, ""3"": 14.94, ""6"": 12.67}",8.05,,,
Kraken,23.0,50000.0,23.0,50000.0,23.5,21.89,25.5,ok,0.0,"{""1"": 23.0, ""3"": 24.31, ""6"": 22.14}",0.86,,,
Cranium Rat,0.0,10.0,0.0,10.0,0.0,0.0,0.0,left,0.0,"{""1"": 0.0, ""3"": 0.0, ""6"": 0.0}",0.0,0.0,,
Male Steeder,0.25,50.0,0.25,50.0,0.23,0.22,0.33,ok,0.0,"{""1"": 0.29, ""3"": 0.25, ""6"": 0.25}",0.04,0.65,,
Stench Kow,0.5,100.0,0.5,100.0,0.34,0.25,1.4,ok,0.0,"{""1"": 1.19, ""3"": 0.33, ""6"": 0.27}",0.92,0.94,,
Sahuagin,0.5,100.0,0.51,101.4,0.35,0.25,1.22,ok,0.01,"{""1"": 1.1, ""3"": 0.33, ""6"": 0.36}",0.74,0.73,,
Imp,1.0,200.0,1.01,201.6,0.49,0.37,1.77,ok,0.01,"{""1"": 1.6, ""3"": 0.78, ""6"": 0.58}",1.02,0.88,,
Crawling Claw,0.0,10.0,0.02,11.6,0.02,0.0,0.05,ok,0.02,"{""1"": 0.02, ""3"": 0.02, ""6"": 0.02}",0.0,0.07,,
Awakened Shrub,0.0,10.0,0.02,11.6,0.02,0.0,0.05,ok,0.02,"{""1"": 0.02, ""3"": 0.02, ""6"": 0.02}",0.0,0.12,,
Giant Fire Beetle,0.0,10.0,0.02,11.6,0.02,0.0,0.05,ok,0.02,"{""1"": 0.02, ""3"": 0.02, ""6"": 0.02}",0.0,0.05,,
Scorpion,0.0,10.0,0.02,11.6,0.02,0.0,0.02,ok,0.02,"{""1"": 0.02, ""3"": 0.02, ""6"": 0.02}",0.0,-0.02,,
Cultist,0.125,25.0,0.15,28.7,0.11,0.11,0.22,ok,0.02,"{""1"": 0.14, ""3"": 0.15, ""6"": 0.15}",-0.01,0.05,,
Manes,0.125,25.0,0.14,27.2,0.11,0.09,0.16,ok,0.02,"{""1"": 0.14, ""3"": 0.13, ""6"": 0.13}",0.01,0.03,,
Slaad Tadpole,0.125,25.0,0.15,28.7,0.11,0.11,0.2,ok,0.02,"{""1"": 0.18, ""3"": 0.13, ""6"": 0.13}",0.05,0.09,,
Twig Blight,0.125,25.0,0.14,27.2,0.11,0.05,0.16,ok,0.02,"{""1"": 0.14, ""3"": 0.13, ""6"": 0.13}",0.01,0.0,,
Pteranodon,0.25,50.0,0.27,52.9,0.23,0.19,1.03,ok,0.02,"{""1"": 0.84, ""3"": 0.22, ""6"": 0.22}",0.62,0.55,,
Merrow,2.0,450.0,2.02,454.0,1.28,1.13,4.1,ok,0.02,"{""1"": 3.64, ""3"": 2.15, ""6"": 1.2}",2.44,0.93,,
Red Slaad,5.0,1800.0,5.02,1808.8,3.73,3.07,6.88,ok,0.02,"{""1"": 5.89, ""3"": 6.75, ""6"": 3.44}",2.45,1.33,,
Yuan-ti Pit Master,5.0,1800.0,5.02,1808.8,3.73,1.9,9.82,ok,0.02,"{""1"": 9.34, ""3"": 4.67, ""6"": 2.1}",7.24,0.7,,
Giant Wolf Spider,0.25,50.0,0.28,54.3,0.24,0.22,1.03,ok,0.03,"{""1"": 0.61, ""3"": 0.24, ""6"": 0.24}",0.37,0.76,,
Smoke Mephit,0.25,50.0,0.28,54.3,0.24,0.22,1.03,ok,0.03,"{""1"": 0.61, ""3"": 0.24, ""6"": 0.24}",0.37,0.2,,
Giant Octopus,1.0,200.0,1.03,204.9,0.5,0.33,1.7,ok,0.03,"{""1"": 1.58, ""3"": 1.07, ""6"": 0.43}",1.15,1.47,,
Pegasus,2.0,450.0,2.03,456.0,1.28,0.95,4.1,ok,0.03,"{""1"": 4.1, ""3"": 2.17, ""6"": 1.07}",3.03,0.88,,
Yuan-ti Broodguard,2.0,450.0,2.03,456.0,1.28,0.95,4.3,ok,0.03,"{""1"": 4.1, ""3"": 2.17, ""6"": 1.07}",3.03,0.92,,
Clockwork Stone Defender,4.0,1100.0,4.03,1116.4,2.41,1.69,6.9,ok,0.03,"{""1"": 5.83, ""3"": 4.07, ""6"": 1.92}",3.91,1.13,,
Giant Rat,0.125,25.0,0.16,30.4,0.12,0.11,0.2,ok,0.04,"{""1"": 0.18, ""3"": 0.15, ""6"": 0.15}",0.03,0.1,,
Kobold,0.125,25.0,0.16,30.4,0.12,0.09,0.19,ok,0.04,"{""1"": 0.15, ""3"": 0.16, ""6"": 0.16}",-0.01,0.08,,
Mastiff,0.125,25.0,0.16,30.4,0.12,0.09,0.19,ok,0.04,"{""1"": 0.15, ""3"": 0.16, ""6"": 0.16}",-0.01,0.03,,
Giant Frog,0.25,50.0,0.29,55.9,0.24,0.24,0.81,ok,0.04,"{""1"": 0.43, ""3"": 0.25, ""6"": 0.25}",0.18,,,
Hippogriff,1.0,200.0,1.04,206.6,0.51,0.37,1.77,ok,0.04,"{""1"": 1.7, ""3"": 0.94, ""6"": 0.44}",1.26,1.15,,
Homunculus,0.0,10.0,0.05,14.4,0.05,0.0,0.05,ok,0.05,"{""1"": 0.05, ""3"": 0.05, ""6"": 0.05}",0.0,-0.04,,
Blood Hawk,0.125,25.0,0.18,33.9,0.14,0.14,0.19,ok,0.05,"{""1"": 0.16, ""3"": 0.19, ""6"": 0.19}",-0.03,0.07,,
Camel,0.125,25.0,0.18,33.9,0.14,0.09,0.24,ok,0.05,"{""1"": 0.18, ""3"": 0.19, ""6"": 0.19}",-0.01,0.0,,
Giant Weasel,0.125,25.0,0.18,33.9,0.14,0.12,0.24,ok,0.05,"{""1"": 0.15, ""3"": 0.19, ""6"": 0.19}",-0.04,0.25,,
Monodrone,0.125,25.0,0.17,32.1,0.13,0.11,0.25,ok,0.05,"{""1"": 0.14, ""3"": 0.19, ""6"": 0.19}",-0.05,-0.02,,
Mule,0.125,25.0,0.18,33.9,0.14,0.12,0.25,ok,0.05,"{""1"": 0.23, ""3"": 0.16, ""6"": 0.16}",0.07,0.06,,
Reef Shark,0.5,100.0,0.55,107.2,0.36,0.33,1.03,ok,0.05,"{""1"": 0.95, ""3"": 0.44, ""6"": 0.4}",0.55,-0.23,,
Neogi Hatchling,0.125,25.0,0.18,33.9,0.14,0.12,0.24,ok,0.05,"{""1"": 0.15, ""3"": 0.19, ""6"": 0.19}",-0.04,0.03,,
Xvart,0.125,25.0,0.18,33.9,0.14,0.14,0.19,ok,0.05,"{""1"": 0.16, ""3"": 0.19, ""6"": 0.19}",-0.03,0.04,,
Giant Strider,1.0,200.0,1.05,208.3,0.52,0.78,1.58,ok,0.05,"{""1"": 1.19, ""3"": 0.94, ""6"": 1.02}",0.17,0.95,,
Flumph,0.125,25.0,0.19,35.8,0.15,0.12,0.33,ok,0.07,"{""1"": 0.25, ""3"": 0.16, ""6"": 0.16}",0.09,0.06,,
Merfolk,0.125,25.0,0.19,35.8,0.15,0.12,0.25,ok,0.07,"{""1"": 0.2, ""3"": 0.19, ""6"": 0.19}",0.01,0.01,,
Tribal Warrior,0.125,25.0,0.19,35.8,0.15,0.12,0.25,ok,0.07,"{""1"": 0.2, ""3"": 0.19, ""6"": 0.19}",0.01,0.75,,
Giant Poisonous Snake,0.25,50.0,0.32,60.7,0.25,0.24,0.44,ok,0.07,"{""1"": 0.29, ""3"": 0.29, ""6"": 0.39}",-0.1,1.24,,
Young Bronze Dragon,8.0,3900.0,8.07,3968.4,5.91,7.65,8.51,ok,0.07,"{""1"": 8.1, ""3"": 8.2, ""6"": 7.82}",0.28,,,
Bandit,0.125,25.0,0.21,40.1,0.17,0.16,0.24,ok,0.08,"{""1"": 0.2, ""3"": 0.22, ""6"": 0.22}",-0.02,0.04,,
Flying Snake,0.125,25.0,0.2,37.9,0.16,0.19,0.23,ok,0.08,"{""1"": 0.23, ""3"": 0.19, ""6"": 0.19}",0.04,-0.04,,
Intellect Devourer,2.0,450.0,2.08,466.2,1.32,0.78,5.3,ok,0.08,"{""1"": 4.84, ""3"": 1.99, ""6"": 0.78}",4.06,2.85,,
Young Kruthik,0.125,25.0,0.2,37.9,0.16,0.11,0.25,ok,0.08,"{""1"": 0.23, ""3"": 0.19, ""6"": 0.19}",0.04,0.51,,
Deer,0.0,10.0,0.09,19.3,0.07,0.0,0.16,ok,0.09,"{""1"": 0.09, ""3"": 0.09, ""6"": 0.09}",0.0,0.01,,
Vulture,0.0,10.0,0.09,19.3,0.07,0.0,0.16,ok,0.09,"{""1"": 0.09, ""3"": 0.09, ""6"": 0.09}",0.0,0.03,,
Azer,2.0,450.0,2.09,468.3,1.33,1.13,4.46,ok,0.09,"{""1"": 4.1, ""3"": 2.15, ""6"": 1.2}",2.9,2.33,,
Chitine,0.5,100.0,0.59,113.3,0.37,0.22,1.6,ok,0.09,"{""1"": 1.4, ""3"": 0.25, ""6"": 0.41}",0.99,1.25,,
Meazel,1.0,200.0,1.1,216.9,0.55,0.33,1.97,ok,0.1,"{""1"": 1.84, ""3"": 1.12, ""6"": 0.37}",1.47,1.44,,
Summer Eladrin,10.0,5900.0,10.1,6018.7,9.43,8.67,11.22,ok,0.1,"{""1"": 10.74, ""3"": 10.96, ""6"": 8.86}",1.88,,,
Goat,0.0,10.0,0.11,22.4,0.09,0.05,0.14,ok,0.11,"{""1"": 0.11, ""3"": 0.11, ""6"": 0.11}",0.0,0.03,,
Elk,0.25,50.0,0.36,67.8,0.26,0.24,1.03,ok,0.11,"{""1"": 0.61, ""3"": 0.29, ""6"": 0.25}",0.36,0.4,,
Dolphin,0.125,25.0,0.24,47.3,0.19,0.16,0.33,ok,0.11,"{""1"": 0.23, ""3"": 0.24, ""6"": 0.24}",-0.01,-0.1,,
Deinonychus,1.0,200.0,1.11,218.7,0.56,0.31,2.23,ok,0.11,"{""1"": 1.94, ""3"": 0.54, ""6"": 0.76}",1.18,1.76,,
Guard,0.125,25.0,0.25,50.0,0.23,0.12,0.35,ok,0.12,"{""1"": 0.29, ""3"": 0.25, ""6"": 0.26}",0.03,0.57,,
Noble,0.125,25.0,0.25,50.0,0.2,0.11,0.35,ok,0.12,"{""1"": 0.2, ""3"": 0.29, ""6"": 0.25}",-0.05,0.05,,
Pony,0.125,25.0,0.25,50.0,0.22,0.22,0.61,ok,0.12,"{""1"": 0.43, ""3"": 0.24, ""6"": 0.24}",0.19,0.34,,
Blink Dog,0.25,50.0,0.37,69.7,0.27,0.22,1.22,ok,0.12,"{""1"": 1.1, ""3"": 0.24, ""6"": 0.24}",0.86,0.3,,
Giant Owl,0.25,50.0,0.37,69.7,0.27,0.24,1.03,ok,0.12,"{""1"": 0.84, ""3"": 0.25, ""6"": 0.25}",0.59,0.44,,
Centaur,2.0,450.0,2.12,474.5,1.35,0.95,4.39,ok,0.12,"{""1"": 4.27, ""3"": 2.26, ""6"": 1.07}",3.2,0.79,,
Star Spawn Grue,0.25,50.0,0.37,69.7,0.27,0.22,1.1,ok,0.12,"{""1"": 1.1, ""3"": 0.24, ""6"": 0.24}",0.86,0.1,,
Tortle,0.25,50.0,0.37,69.7,0.27,0.25,0.81,ok,0.12,"{""1"": 0.43, ""3"": 0.29, ""6"": 0.39}",0.04,0.93,,
Quickling,1.0,200.0,1.12,220.4,0.56,0.37,2.84,ok,0.12,"{""1"": 2.23, ""3"": 0.54, ""6"": 0.58}",1.65,1.93,,
Lemure,0.0,10.0,0.13,25.7,0.1,0.0,0.16,ok,0.13,"{""1"": 0.14, ""3"": 0.13, ""6"": 0.13}",0.01,0.01,,
Myconid Sprout,0.0,10.0,0.13,25.7,0.1,0.09,0.15,ok,0.13,"{""1"": 0.13, ""3"": 0.13, ""6"": 0.13}",0.0,-0.01,,
Worg,0.5,100.0,0.63,119.7,0.38,0.22,1.6,ok,0.13,"{""1"": 1.4, ""3"": 0.25, ""6"": 0.49}",0.91,1.28,,
Werebear,5.0,1800.0,5.13,1858.3,3.8,3.07,7.21,ok,0.13,"{""1"": 6.9, ""3"": 5.79, ""6"": 3.96}",2.94,2.26,,
Stegosaurus,4.0,1100.0,4.13,1172.7,2.55,1.27,7.8,ok,0.13,"{""1"": 6.97, ""3"": 4.65, ""6"": 1.46}",5.51,1.8,,
Eagle,0.0,10.0,0.14,27.2,0.11,0.0,0.14,ok,0.14,"{""1"": 0.14, ""3"": 0.14, ""6"": 0.14}",0.0,0.11,,
Sprite,0.25,50.0,0.39,73.7,0.28,0.16,0.88,ok,0.14,"{""1"": 0.18, ""3"": 0.77, ""6"": 0.68}",-0.5,-0.2,,
Zombie,0.25,50.0,0.4,75.8,0.29,0.25,0.95,ok,0.15,"{""1"": 0.81, ""3"": 0.25, ""6"": 0.3}",0.51,0.07,,
Rust Monster,0.5,100.0,0.65,123.1,0.39,0.25,1.6,ok,0.15,"{""1"": 1.4, ""3"": 0.33, ""6"": 0.4}",1.0,0.61,,
Dragon Turtle,17.0,18000.0,17.15,18286.7,16.81,12.72,20.72,ok,0.15,"{""1"": 20.72, ""3"": 13.01, ""6"": 15.03}",5.69,,,
Troglodyte,0.25,50.0,0.41,77.9,0.29,0.16,1.03,ok,0.16,"{""1"": 0.61, ""3"": 0.29, ""6"": 0.38}",0.23,0.54,,
Allosaurus,2.0,450.0,2.16,483.0,1.38,0.95,4.53,ok,0.16,"{""1"": 4.39, ""3"": 2.26, ""6"": 1.07}",3.32,1.51,,
Veteran,3.0,700.0,3.16,752.5,2.04,1.7,6.14,ok,0.16,"{""1"": 5.68, ""3"": 2.76, ""6"": 1.82}",3.86,1.04,,
Guard Drake,2.0,450.0,2.16,483.0,1.38,0.95,4.3,ok,0.16,"{""1"": 4.1, ""3"": 2.57, ""6"": 1.07}",3.03,0.73,,
Giant Crab,0.125,25.0,0.3,57.4,0.24,0.11,1.03,ok,0.17,"{""1"": 0.95, ""3"": 0.23, ""6"": 0.23}",0.72,0.22,,
Ghoul,1.0,200.0,1.18,231.4,0.6,0.54,2.51,ok,0.18,"{""1"": 1.94, ""3"": 0.78, ""6"": 0.76}",1.18,1.26,,
Harpy,1.0,200.0,1.18,231.4,0.6,0.58,1.84,ok,0.18,"{""1"": 1.84, ""3"": 1.07, ""6"": 0.58}",1.26,0.66,,
Deep Rothé,0.25,50.0,0.43,82.4,0.3,0.24,1.22,ok,0.18,"{""1"": 1.1, ""3"": 0.25, ""6"": 0.26}",0.84,0.51,,
Hyena,0.0,10.0,0.19,35.8,0.14,0.09,0.24,ok,0.19,"{""1"": 0.13, ""3"": 0.21, ""6"": 0.21}",-0.08,-0.03,,
Skulk,0.5,100.0,0.69,130.1,0.4,0.22,1.77,ok,0.19,"{""1"": 1.7, ""3"": 0.33, ""6"": 0.27}",1.43,0.93,,
Sword Wraith Commander,8.0,3900.0,8.19,4088.5,6.22,5.33,9.66,ok,0.19,"{""1"": 9.66, ""3"": 7.95, ""6"": 6.34}",3.32,,,
Axe Beak,0.25,50.0,0.45,87.1,0.32,0.25,1.22,ok,0.2,"{""1"": 1.1, ""3"": 0.25, ""6"": 0.3}",0.8,0.42,,
Quadrone,1.0,200.0,1.22,239.1,0.63,0.76,1.77,ok,0.22,"{""1"": 1.7, ""3"": 1.07, ""6"": 0.89}",0.81,1.27,,
Carrion Crawler,2.0,450.0,2.22,495.9,1.42,0.95,4.84,ok,0.22,"{""1"": 4.66, ""3"": 2.17, ""6"": 1.07}",3.59,1.24,,
Gnoll Pack Lord,2.0,450.0,2.22,495.9,1.42,1.13,4.27,ok,0.22,"{""1"": 3.64, ""3"": 2.57, ""6"": 1.3}",2.34,1.82,,
Ox,0.25,50.0,0.47,92.0,0.32,0.24,1.4,ok,0.22,"{""1"": 1.19, ""3"": 0.29, ""6"": 0.25}",0.94,0.65,,
Velociraptor,0.25,50.0,0.47,92.0,0.33,0.16,1.1,ok,0.22,"{""1"": 1.1, ""3"": 0.25, ""6"": 0.35}",0.75,0.29,,
Kobold Scale Sorcerer,1.0,200.0,1.22,239.1,0.63,0.54,2.23,ok,0.22,"{""1"": 1.94, ""3"": 0.78, ""6"": 0.89}",1.05,1.12,,
Giant Badger,0.25,50.0,0.49,97.3,0.34,0.23,1.4,ok,0.24,"{""1"": 1.19, ""3"": 0.29, ""6"": 0.3}",0.89,0.28,,
Oblex Spawn,0.25,50.0,0.49,97.3,0.34,0.24,1.4,ok,0.24,"{""1"": 1.22, ""3"": 0.25, ""6"": 0.35}",0.87,0.51,,
Stone Cursed,1.0,200.0,1.24,243.0,0.64,0.33,1.7,ok,0.24,"{""1"": 1.58, ""3"": 1.7, ""6"": 0.43}",1.15,1.06,,
Shadow Demon,4.0,1100.0,4.25,1244.1,2.71,1.46,7.6,ok,0.25,"{""1"": 7.45, ""3"": 4.07, ""6"": 1.92}",5.53,2.14,,
Fomorian,8.0,3900.0,8.26,4160.3,6.41,7.37,8.74,ok,0.26,"{""1"": 7.53, ""3"": 8.42, ""6"": 8.56}",-1.03,,,
Giant Bat,0.25,50.0,0.52,102.8,0.35,0.29,1.03,ok,0.27,"{""1"": 0.95, ""3"": 0.35, ""6"": 0.44}",0.51,0.33,,
Peryton,2.0,450.0,2.27,507.0,1.46,1.77,4.1,ok,0.27,"{""1"": 2.33, ""3"": 2.57, ""6"": 1.94}",0.39,2.2,,
Juiblex,23.0,50000.0,23.27,52990.0,23.66,21.53,26.0,ok,0.27,"{""1"": 23.0, ""3"": 25.12, ""6"": 22.14}",0.86,,,
Gray Ooze,0.5,100.0,0.78,147.4,0.42,0.21,2.33,ok,0.28,"{""1"": 1.97, ""3"": 0.41, ""6"": 0.25}",1.72,0.51,,
Dire Wolf,1.0,200.0,1.28,251.0,0.67,0.58,2.55,ok,0.28,"{""1"": 1.94, ""3"": 1.12, ""6"": 0.76}",1.18,1.16,,
Wretched Sorrowsworn,0.25,50.0,0.54,105.7,0.35,0.22,1.77,ok,0.29,"{""1"": 1.6, ""3"": 0.25, ""6"": 0.25}",1.35,1.22,,
Ogre Zombie,2.0,450.0,2.3,513.8,1.48,0.95,4.46,ok,0.3,"{""1"": 4.3, ""3"": 2.77, ""6"": 1.07}",3.23,1.87,,
Gnoll Hunter,0.5,100.0,0.81,153.7,0.43,0.25,1.4,ok,0.31,"{""1"": 1.4, ""3"": 0.33, ""6"": 0.79}",0.61,0.64,,
Duergar Soulblade,1.0,200.0,1.31,257.2,0.69,0.33,1.97,ok,0.31,"{""1"": 1.84, ""3"": 1.74, ""6"": 0.37}",1.47,0.49,,
Minotaur Skeleton,2.0,450.0,2.32,518.3,1.49,0.45,6.41,ok,0.32,"{""1"": 5.76, ""3"": 2.57, ""6"": 0.49}",5.27,2.64,,
Chuul,4.0,1100.0,4.32,1287.8,2.8,2.18,6.38,ok,0.32,"{""1"": 5.83, ""3"": 4.07, ""6"": 2.77}",3.06,1.7,,
Dimetrodon,0.25,50.0,0.57,110.2,0.36,0.32,1.22,ok,0.32,"{""1"": 1.1, ""3"": 0.43, ""6"": 0.35}",0.75,0.41,,
Yagnoloth,11.0,7200.0,11.32,7564.1,11.03,10.15,13.63,ok,0.32,"{""1"": 10.31, ""3"": 11.25, ""6"": 12.41}",-2.1,,,
Animated Armor,1.0,200.0,1.33,261.4,0.71,0.58,2.23,ok,0.33,"{""1"": 1.97, ""3"": 1.24, ""6"": 0.76}",1.21,0.68,,
Earth Elemental Myrmidon,7.0,2900.0,7.33,3197.8,4.97,5.08,8.44,ok,0.33,"{""1"": 8.38, ""3"": 7.3, ""6"": 5.65}",2.73,,,
Giant Lizard,0.25,50.0,0.59,113.3,0.37,0.25,1.22,ok,0.34,"{""1"": 1.1, ""3"": 0.43, ""6"": 0.39}",0.71,0.38,,
Shadow,0.5,100.0,0.84,160.2,0.44,0.36,1.7,ok,0.34,"{""1"": 1.4, ""3"": 0.6, ""6"": 0.49}",0.91,1.28,,
Giant Toad,1.0,200.0,1.34,263.5,0.71,0.33,2.23,ok,0.34,"{""1"": 1.97, ""3"": 1.7, ""6"": 0.37}",1.6,,,
Duergar Stone Guard,2.0,450.0,2.35,525.3,1.52,1.13,4.66,ok,0.35,"{""1"": 4.53, ""3"": 1.99, ""6"": 1.51}",3.02,0.7,,
Goblin Boss,1.0,200.0,1.36,267.8,0.73,0.58,1.77,ok,0.36,"{""1"": 1.6, ""3"": 1.7, ""6"": 0.76}",0.84,0.47,,
Vegepygmy,0.25,50.0,0.61,116.5,0.37,0.32,1.07,ok,0.36,"{""1"": 0.81, ""3"": 0.62, ""6"": 0.44}",0.37,0.67,,
Ape,0.5,100.0,0.87,167.0,0.45,0.39,1.77,ok,0.37,"{""1"": 1.7, ""3"": 0.41, ""6"": 0.49}",1.21,0.8,,
Cave Bear,2.0,450.0,2.37,529.9,1.53,0.78,4.53,ok,0.37,"{""1"": 4.3, ""3"": 3.55, ""6"": 0.95}",3.35,2.0,,
Polar Bear,2.0,450.0,2.37,529.9,1.53,0.78,4.53,ok,0.37,"{""1"": 4.3, ""3"": 3.55, ""6"": 0.95}",3.35,2.0,,
Fire Snake,1.0,200.0,1.39,274.4,0.74,0.58,1.97,ok,0.39,"{""1"": 1.84, ""3"": 1.53, ""6"": 0.76}",1.08,1.08,,
Thri-kreen,1.0,200.0,1.39,274.4,0.75,0.58,2.92,ok,0.39,"{""1"": 2.23, ""3"": 1.24, ""6"": 0.76}",1.47,1.29,,
Hadrosaurus,0.25,50.0,0.64,121.4,0.38,0.25,1.4,ok,0.39,"{""1"": 1.22, ""3"": 0.43, ""6"": 0.39}",0.83,0.34,,
Orog,2.0,450.0,2.4,537.0,1.55,1.13,5.44,ok,0.4,"{""1"": 4.84, ""3"": 1.89, ""6"": 1.51}",3.33,2.62,,
Bheur Hag,7.0,2900.0,7.4,3264.9,5.04,5.42,8.44,ok,0.4,"{""1"": 8.38, ""3"": 5.89, ""6"": 7.28}",1.1,,,
Draft Horse,0.25,50.0,0.66,124.8,0.39,0.25,1.4,ok,0.41,"{""1"": 1.19, ""3"": 0.43, ""6"": 0.44}",0.75,0.64,,
Gnoll Flesh Gnawer,1.0,200.0,1.41,278.9,0.76,0.76,2.23,ok,0.41,"{""1"": 1.97, ""3"": 1.36, ""6"": 0.89}",1.08,0.6,,
Satyr,0.5,100.0,0.92,179.0,0.47,0.4,1.7,ok,0.42,"{""1"": 1.58, ""3"": 0.5, ""6"": 0.63}",0.95,0.35,,
Death Dog,1.0,200.0,1.42,281.2,0.77,0.58,2.23,ok,0.42,"{""1"": 1.94, ""3"": 1.7, ""6"": 0.58}",1.36,0.89,,
Griffon,2.0,450.0,2.42,541.8,1.57,1.13,4.53,ok,0.42,"{""1"": 4.3, ""3"": 2.77, ""6"": 1.3}",3.0,2.22,,
Gnoll Witherling,0.25,50.0,0.67,126.6,0.39,0.26,1.4,ok,0.42,"{""1"": 1.19, ""3"": 0.35, ""6"": 0.56}",0.63,0.19,,
Flying Sword,0.25,50.0,0.68,128.3,0.4,0.26,1.77,ok,0.43,"{""1"": 1.4, ""3"": 0.34, ""6"": 0.44}",0.96,0.29,,
Brown Bear,1.0,200.0,1.43,283.4,0.77,0.76,3.07,ok,0.43,"{""1"": 2.23, ""3"": 1.24, ""6"": 0.89}",1.34,1.79,,
Specter,1.0,200.0,1.43,283.4,0.77,0.76,1.97,ok,0.43,"{""1"": 1.84, ""3"": 1.53, ""6"": 0.89}",0.95,0.92,,
Winged Kobold,0.25,50.0,0.69,130.1,0.4,0.16,1.66,ok,0.44,"{""1"": 0.23, ""3"": 0.71, ""6"": 1.53}",-1.3,0.48,,
Will-o'-Wisp,2.0,450.0,2.44,546.6,1.58,1.2,4.3,ok,0.44,"{""1"": 4.1, ""3"": 2.71, ""6"": 1.51}",2.59,1.32,,
Firenewt Warlock of Imix,1.0,200.0,1.45,288.1,0.78,0.76,1.84,ok,0.45,"{""1"": 1.7, ""3"": 1.74, ""6"": 0.89}",0.81,0.25,,
Black Bear,0.5,100.0,0.96,189.2,0.48,0.49,1.77,ok,0.46,"{""1"": 1.7, ""3"": 0.5, ""6"": 0.61}",1.09,0.98,,
Giant Eagle,1.0,200.0,1.46,290.4,0.79,0.58,2.97,ok,0.46,"{""1"": 2.55, ""3"": 1.12, ""6"": 0.89}",1.66,1.17,,
Drow Elite Warrior,5.0,1800.0,5.46,2014.8,4.01,2.1,8.71,ok,0.46,"{""1"": 8.58, ""3"": 6.26, ""6"": 2.43}",6.15,1.07,,
Manticore,3.0,700.0,3.47,865.7,2.16,1.7,6.92,ok,0.47,"{""1"": 6.92, ""3"": 2.52, ""6"": 1.82}",5.1,2.53,,
Yeth Hound,4.0,1100.0,4.47,1386.5,3.0,2.35,6.9,ok,0.47,"{""1"": 5.83, ""3"": 3.58, ""6"": 4.12}",1.71,1.58,,
Githzerai Monk,2.0,450.0,2.49,558.8,1.62,1.13,4.14,ok,0.49,"{""1"": 3.3, ""3"": 3.55, ""6"": 1.51}",1.79,1.9,,
Plesiosaurus,2.0,450.0,2.49,558.8,1.62,1.13,4.63,ok,0.49,"{""1"": 4.3, ""3"": 2.98, ""6"": 1.3}",3.0,2.18,,
Berbalang,2.0,450.0,2.49,558.8,1.62,1.13,4.46,ok,0.49,"{""1"": 4.39, ""3"": 2.88, ""6"": 1.3}",3.09,1.81,,
Swarm of Quippers,1.0,200.0,1.5,300.0,0.82,0.54,4.47,ok,0.5,"{""1"": 4.12, ""3"": 0.54, ""6"": 1.02}",3.1,-0.12,,
Female Steeder,1.0,200.0,1.5,300.0,0.82,0.58,2.92,ok,0.5,"{""1"": 2.23, ""3"": 1.74, ""6"": 0.58}",1.65,1.29,,
Grung Wildling,1.0,200.0,1.5,300.0,0.82,1.02,2.55,ok,0.5,"{""1"": 2.23, ""3"": 1.24, ""6"": 1.1}",1.13,2.9,,
Warhorse,0.5,100.0,1.02,203.3,0.5,0.44,1.6,ok,0.52,"{""1"": 1.4, ""3"": 1.12, ""6"": 0.49}",0.91,1.2,,
Blue Slaad,7.0,2900.0,7.53,3393.1,5.18,4.57,8.84,ok,0.53,"{""1"": 8.71, ""3"": 7.74, ""6"": 5.08}",3.63,,,
Giant Hyena,1.0,200.0,1.55,312.4,0.85,0.58,2.86,ok,0.55,"{""1"": 2.23, ""3"": 1.89, ""6"": 0.58}",1.65,1.17,,
Hezrou,8.0,3900.0,8.55,4471.1,7.16,7.04,9.28,ok,0.55,"{""1"": 9.01, ""3"": 8.9, ""6"": 7.43}",1.58,,,
Bandit Captain,2.0,450.0,2.56,576.3,1.67,1.13,4.5,ok,0.56,"{""1"": 4.3, ""3"": 4.05, ""6"": 1.2}",3.1,2.41,,
Gazer,0.5,100.0,1.08,213.4,0.54,0.21,4.88,ok,0.58,"{""1"": 4.47, ""3"": 0.25, ""6"": 0.25}",4.22,1.0,,
Hydra,8.0,3900.0,8.59,4515.7,7.24,7.65,9.66,ok,0.59,"{""1"": 9.28, ""3"": 8.73, ""6"": 7.82}",1.46,,,
Yuan-ti Mind Whisperer,4.0,1100.0,4.59,1470.9,3.17,4.1,8.44,ok,0.59,"{""1"": 4.39, ""3"": 4.65, ""6"": 4.73}",-0.34,0.27,,
Night Hag,5.0,1800.0,5.61,2090.3,4.1,4.58,8.52,ok,0.61,"{""1"": 6.38, ""3"": 6.0, ""6"": 4.77}",1.61,2.92,,
Canoloth,8.0,3900.0,8.61,4538.2,7.28,7.65,11.2,ok,0.61,"{""1"": 10.74, ""3"": 8.2, ""6"": 7.82}",2.92,,,
Duodrone,0.25,50.0,0.88,169.3,0.45,0.29,2.0,ok,0.63,"{""1"": 1.85, ""3"": 0.43, ""6"": 0.39}",1.46,0.73,,
Swarm of Bats,0.25,50.0,0.88,169.3,0.46,0.43,1.7,ok,0.63,"{""1"": 1.4, ""3"": 0.52, ""6"": 0.68}",0.72,0.68,,
Swarm of Rats,0.25,50.0,0.88,169.3,0.46,0.29,1.77,ok,0.63,"{""1"": 1.7, ""3"": 0.43, ""6"": 0.49}",1.21,0.5,,
Lamia,4.0,1100.0,4.63,1500.2,3.22,1.46,9.09,ok,0.63,"{""1"": 8.77, ""3"": 4.5, ""6"": 1.69}",7.08,0.32,,
Kuo-toa Monitor,3.0,700.0,3.64,934.8,2.23,2.33,5.44,ok,0.64,"{""1"": 4.84, ""3"": 2.76, ""6"": 2.65}",2.19,1.08,,
Kobold Dragonshield,1.0,200.0,1.64,336.1,0.91,1.02,3.07,ok,0.64,"{""1"": 2.71, ""3"": 1.24, ""6"": 1.22}",1.49,2.28,,
Firenewt Warrior,0.5,100.0,1.15,225.9,0.59,0.5,2.33,ok,0.65,"{""1"": 1.97, ""3"": 0.58, ""6"": 0.85}",1.12,0.27,,
Sahuagin Baron,5.0,1800.0,5.66,2116.1,4.13,2.43,8.4,ok,0.66,"{""1"": 8.1, ""3"": 7.51, ""6"": 2.71}",5.39,2.52,,
Girallon,4.0,1100.0,4.68,1537.6,3.29,4.06,5.6,ok,0.68,"{""1"": 5.09, ""3"": 4.88, ""6"": 4.12}",0.97,0.83,,
Swarm of Beetles,0.5,100.0,1.19,233.3,0.61,0.41,2.71,ok,0.69,"{""1"": 2.33, ""3"": 0.5, ""6"": 0.79}",1.54,1.09,,
Swarm of Centipedes,0.5,100.0,1.19,233.3,0.61,0.41,2.71,ok,0.69,"{""1"": 2.33, ""3"": 0.5, ""6"": 0.79}",1.54,1.18,,
Swarm of Insects,0.5,100.0,1.19,233.3,0.61,0.41,2.71,ok,0.69,"{""1"": 2.33, ""3"": 0.5, ""6"": 0.79}",1.54,1.18,,
Swarm of Spiders,0.5,100.0,1.19,233.3,0.61,0.41,2.71,ok,0.69,"{""1"": 2.33, ""3"": 0.5, ""6"": 0.79}",1.54,1.18,,
Flesh Golem,5.0,1800.0,5.7,2136.9,4.15,4.3,7.21,ok,0.7,"{""1"": 6.9, ""3"": 6.36, ""6"": 4.58}",2.32,2.77,,
Warlock of the Archfey,4.0,1100.0,4.7,1552.8,3.32,4.06,6.38,ok,0.7,"{""1"": 5.83, ""3"": 4.34, ""6"": 4.37}",1.46,2.42,,
Shield Guardian,7.0,2900.0,7.71,3578.9,5.39,5.65,8.9,ok,0.71,"{""1"": 8.71, ""3"": 7.3, ""6"": 6.07}",2.64,,,
Swarm of Wasps,0.5,100.0,1.22,239.1,0.63,0.45,3.07,ok,0.72,"{""1"": 2.33, ""3"": 0.6, ""6"": 0.79}",1.54,0.92,,
Warhorse Skeleton,0.5,100.0,1.23,241.0,0.64,0.36,1.99,ok,0.73,"{""1"": 1.4, ""3"": 1.89, ""6"": 0.41}",0.99,0.6,,
Saber-Toothed Tiger,2.0,450.0,2.73,621.3,1.79,1.77,4.53,ok,0.73,"{""1"": 4.39, ""3"": 1.99, ""6"": 2.52}",1.87,2.07,,
Swarm of Ravens,0.25,50.0,1.0,200.0,0.49,0.43,1.77,ok,0.75,"{""1"": 1.7, ""3"": 0.52, ""6"": 0.69}",1.01,0.95,,
Quaggoth Spore Servant,1.0,200.0,1.75,367.4,0.98,0.97,4.47,ok,0.75,"{""1"": 4.06, ""3"": 1.36, ""6"": 1.02}",3.04,1.13,,
Young Black Dragon,7.0,2900.0,7.77,3643.1,5.46,5.65,8.55,ok,0.77,"{""1"": 8.19, ""3"": 8.29, ""6"": 6.07}",2.12,,,
Nightwalker,20.0,25000.0,20.77,30958.6,21.36,17.55,23.11,ok,0.77,"{""1"": 22.56, ""3"": 21.89, ""6"": 17.86}",4.7,,,
Fire Elemental,5.0,1800.0,5.79,2184.6,4.2,2.71,8.4,ok,0.79,"{""1"": 8.1, ""3"": 7.51, ""6"": 2.91}",5.19,1.62,,
Slithering Tracker,3.0,700.0,3.79,1000.4,2.29,2.33,4.71,ok,0.79,"{""1"": 2.89, ""3"": 4.47, ""6"": 3.13}",-0.24,0.96,,
Warlock of the Great Old One,6.0,2300.0,6.79,2762.2,4.69,5.78,7.29,ok,0.79,"{""1"": 6.9, ""3"": 6.57, ""6"": 6.9}",0.0,,,
Clockwork Bronze Scout,1.0,200.0,1.81,385.7,1.05,0.97,4.12,ok,0.81,"{""1"": 3.55, ""3"": 1.62, ""6"": 1.08}",2.47,1.16,,
Babau,4.0,1100.0,4.81,1639.2,3.46,4.06,6.9,ok,0.81,"{""1"": 5.83, ""3"": 4.65, ""6"": 4.37}",1.46,1.12,,
Air Elemental Myrmidon,7.0,2900.0,7.81,3686.5,5.5,5.08,8.6,ok,0.81,"{""1"": 8.52, ""3"": 8.19, ""6"": 5.65}",2.87,,,
Bodak,6.0,2300.0,6.85,2800.9,4.72,4.47,8.88,ok,0.85,"{""1"": 4.82, ""3"": 6.12, ""6"": 8.69}",-3.87,,,
Star Spawn Seer,13.0,10000.0,13.88,11308.7,14.35,12.05,16.26,ok,0.88,"{""1"": 15.57, ""3"": 12.85, ""6"": 13.39}",2.18,,,
Merregon,4.0,1100.0,4.89,1705.1,3.57,4.06,7.21,ok,0.89,"{""1"": 6.9, ""3"": 4.65, ""6"": 4.2}",2.7,1.5,,
Giff,3.0,700.0,3.9,1051.4,2.33,2.56,5.09,ok,0.9,"{""1"": 4.84, ""3"": 3.01, ""6"": 2.65}",2.19,1.62,,
Dire Troll,13.0,10000.0,13.95,11419.9,14.41,11.16,17.37,ok,0.95,"{""1"": 16.85, ""3"": 12.6, ""6"": 12.96}",3.89,,,
Air Elemental,5.0,1800.0,5.97,2283.1,4.31,3.07,8.38,ok,0.97,"{""1"": 7.81, ""3"": 8.0, ""6"": 3.44}",4.37,2.21,,
Zaratan,22.0,41000.0,22.97,49703.2,23.47,19.79,26.49,ok,0.97,"{""1"": 26.49, ""3"": 23.77, ""6"": 20.11}",6.38,,,
Troll,5.0,1800.0,5.98,2288.8,4.32,3.96,7.81,ok,0.98,"{""1"": 7.53, ""3"": 6.57, ""6"": 4.62}",2.91,1.57,,
Leucrotta,3.0,700.0,3.99,1095.0,2.37,2.56,5.44,ok,0.99,"{""1"": 4.84, ""3"": 3.01, ""6"": 2.73}",2.11,0.51,,
Glabrezu,9.0,5000.0,10.0,5900.0,9.28,8.58,11.57,ok,1.0,"{""1"": 11.05, ""3"": 10.11, ""6"": 8.96}",2.09,,,
Bearded Devil,3.0,700.0,4.02,1110.9,2.4,2.59,4.53,ok,1.02,"{""1"": 4.39, ""3"": 4.3, ""6"": 2.65}",1.74,0.5,,
Banshee,4.0,1100.0,5.02,1808.8,3.73,4.12,8.29,ok,1.02,"{""1"": 5.09, ""3"": 6.79, ""6"": 4.2}",0.89,4.04,,
Bael,19.0,22000.0,20.02,25139.2,20.75,17.14,21.85,ok,1.02,"{""1"": 21.32, ""3"": 20.71, ""6"": 18.03}",3.29,,,
Fire Elemental Myrmidon,7.0,2900.0,8.04,3939.0,5.82,6.35,8.71,ok,1.04,"{""1"": 8.6, ""3"": 8.03, ""6"": 6.81}",1.79,,,
Deep Scion,3.0,700.0,4.05,1127.4,2.44,1.8,5.44,ok,1.05,"{""1"": 5.09, ""3"": 4.05, ""6"": 2.32}",2.77,3.35,,
Tridrone,0.5,100.0,1.56,315.0,0.86,0.49,2.89,ok,1.06,"{""1"": 2.66, ""3"": 1.62, ""6"": 0.61}",2.05,0.87,,
Scarecrow,1.0,200.0,2.07,464.1,1.32,1.22,3.07,ok,1.07,"{""1"": 2.71, ""3"": 2.57, ""6"": 1.33}",1.38,1.54,,
Swashbuckler,3.0,700.0,4.07,1138.6,2.47,2.73,6.92,ok,1.07,"{""1"": 4.39, ""3"": 4.05, ""6"": 3.21}",1.18,1.1,,
Astral Dreadnought,21.0,33000.0,22.08,41656.1,22.62,18.66,22.83,ok,1.08,"{""1"": 22.13, ""3"": 22.83, ""6"": 21.29}",0.84,,,
Tlincalli,5.0,1800.0,6.09,2348.5,4.37,3.07,8.71,ok,1.09,"{""1"": 8.58, ""3"": 6.36, ""6"": 3.96}",4.62,0.75,,
Hook Horror,3.0,700.0,4.11,1161.2,2.52,2.65,4.71,ok,1.11,"{""1"": 4.39, ""3"": 4.47, ""6"": 2.75}",1.64,1.16,,
Shambling Mound,5.0,1800.0,6.12,2364.9,4.38,4.3,8.1,ok,1.12,"{""1"": 7.81, ""3"": 6.75, ""6"": 4.58}",3.23,,,
Grick Alpha,7.0,2900.0,8.12,4018.0,6.04,5.65,9.66,ok,1.12,"{""1"": 9.28, ""3"": 8.03, ""6"": 6.07}",3.21,,,
Kruthik Hive Lord,5.0,1800.0,6.13,2370.4,4.39,4.3,8.1,ok,1.13,"{""1"": 7.81, ""3"": 6.78, ""6"": 4.58}",3.23,1.25,,
Gargoyle,2.0,450.0,3.15,749.1,2.03,1.94,4.84,ok,1.15,"{""1"": 4.63, ""3"": 2.98, ""6"": 2.21}",2.42,1.96,,
Lizard King,4.0,1100.0,5.15,1867.4,3.81,2.45,8.14,ok,1.15,"{""1"": 7.8, ""3"": 5.36, ""6"": 3.32}",4.48,1.38,,
Lizard Queen,4.0,1100.0,5.15,1867.4,3.81,2.45,8.14,ok,1.15,"{""1"": 7.8, ""3"": 5.36, ""6"": 3.32}",4.48,1.38,,
Gynosphinx,11.0,7200.0,12.15,8622.6,12.31,9.15,17.37,ok,1.15,"{""1"": 17.37, ""3"": 10.98, ""6"": 10.39}",6.98,,,
Sword Wraith Warrior,3.0,700.0,4.16,1190.2,2.58,1.63,7.55,ok,1.16,"{""1"": 6.03, ""3"": 4.71, ""6"": 1.7}",4.33,0.64,,
Oni,7.0,2900.0,8.17,4068.3,6.16,6.73,9.16,ok,1.17,"{""1"": 8.2, ""3"": 7.81, ""6"": 8.38}",-0.18,,,
Thorny Vegepygmy,1.0,200.0,2.19,489.4,1.4,1.69,4.12,ok,1.19,"{""1"": 3.55, ""3"": 1.89, ""6"": 1.74}",1.81,0.48,,
Young White Dragon,6.0,2300.0,7.2,3077.0,4.9,5.83,8.29,ok,1.2,"{""1"": 6.97, ""3"": 8.17, ""6"": 6.05}",0.92,,8.47,0.76
Minotaur,3.0,700.0,4.24,1238.0,2.69,2.65,6.03,ok,1.24,"{""1"": 5.09, ""3"": 4.05, ""6"": 2.9}",2.19,1.0,,
Leviathan,20.0,25000.0,21.3,35220.5,21.85,18.3,23.83,ok,1.3,"{""1"": 23.67, ""3"": 21.41, ""6"": 19.04}",4.63,,,
Giant Scorpion,3.0,700.0,4.32,1287.8,2.8,2.59,7.65,ok,1.32,"{""1"": 6.92, ""3"": 2.97, ""6"": 2.73}",4.19,1.38,,
Yuan-ti Malison (Type 2),3.0,700.0,4.33,1294.1,2.82,1.63,8.94,ok,1.33,"{""1"": 8.86, ""3"": 2.76, ""6"": 1.7}",7.16,-0.25,,
Neogi Master,4.0,1100.0,5.33,1951.7,3.93,3.17,7.57,ok,1.33,"{""1"": 6.97, ""3"": 6.51, ""6"": 3.84}",3.13,2.76,,
Zariel,26.0,90000.0,27.33,109730.3,26.55,25.89,28.63,ok,1.33,"{""1"": 27.34, ""3"": 28.02, ""6"": 26.64}",0.7,,,
Bone Devil,9.0,5000.0,10.34,6313.3,9.78,9.03,12.8,ok,1.34,"{""1"": 10.15, ""3"": 11.33, ""6"": 9.56}",0.59,,,
Alhoon,10.0,5900.0,11.35,7599.1,11.07,8.67,18.98,ok,1.35,"{""1"": 18.82, ""3"": 9.69, ""6"": 8.67}",10.15,,,
Displacer Beast,3.0,700.0,4.4,1339.5,2.91,2.59,5.6,ok,1.4,"{""1"": 4.84, ""3"": 4.99, ""6"": 2.65}",2.19,0.66,,
Brontosaurus,5.0,1800.0,6.42,2535.2,4.52,3.07,8.52,ok,1.42,"{""1"": 8.4, ""3"": 8.0, ""6"": 3.44}",4.96,1.34,,
Ankylosaurus,3.0,700.0,4.45,1372.9,2.98,2.59,6.92,ok,1.45,"{""1"": 6.14, ""3"": 4.43, ""6"": 2.65}",3.49,0.52,,
Barghest,4.0,1100.0,5.45,2009.9,4.01,2.77,8.47,ok,1.45,"{""1"": 8.39, ""3"": 5.24, ""6"": 3.32}",5.07,0.57,,
Warlock of the Fiend,7.0,2900.0,8.46,4372.2,6.96,4.88,17.33,ok,1.46,"{""1"": 15.28, ""3"": 5.42, ""6"": 6.81}",8.47,,,
Githyanki Warrior,3.0,700.0,4.54,1435.1,3.1,2.59,7.65,ok,1.54,"{""1"": 6.92, ""3"": 3.39, ""6"": 3.85}",3.07,0.75,,
Allip,5.0,1800.0,6.56,2618.8,4.59,5.35,8.1,ok,1.56,"{""1"": 7.75, ""3"": 5.35, ""6"": 6.58}",1.17,1.71,,
Bulette,5.0,1800.0,6.58,2631.0,4.6,4.3,8.4,ok,1.58,"{""1"": 8.1, ""3"": 7.51, ""6"": 4.58}",3.52,1.72,,
Gladiator,5.0,1800.0,6.59,2637.1,4.6,4.95,8.1,ok,1.59,"{""1"": 7.81, ""3"": 6.36, ""6"": 5.51}",2.3,1.6,,
Couatl,4.0,1100.0,5.67,2121.3,4.13,4.06,8.07,ok,1.67,"{""1"": 7.8, ""3"": 5.74, ""6"": 4.37}",3.43,2.72,,
Martial Arts Adept,3.0,700.0,4.67,1530.0,3.28,2.73,7.99,ok,1.67,"{""1"": 7.55, ""3"": 4.14, ""6"": 3.21}",4.34,1.96,,
Swarm of Poisonous Snakes,2.0,450.0,3.78,995.9,2.28,0.95,7.35,ok,1.78,"{""1"": 7.35, ""3"": 4.5, ""6"": 1.07}",6.28,1.81,,
Annis Hag,6.0,2300.0,7.8,3675.6,5.49,6.12,8.91,ok,1.8,"{""1"": 8.39, ""3"": 7.6, ""6"": 6.9}",1.49,,,
Molydeus,21.0,33000.0,22.84,48437.3,23.35,18.57,29.22,ok,1.84,"{""1"": 23.39, ""3"": 28.02, ""6"": 18.98}",4.41,,,
Mezzoloth,5.0,1800.0,6.88,2820.4,4.73,6.36,8.1,ok,1.88,"{""1"": 7.21, ""3"": 6.78, ""6"": 6.61}",0.6,1.75,,
Korred,7.0,2900.0,8.91,4889.4,7.93,6.81,10.33,ok,1.91,"{""1"": 10.04, ""3"": 9.41, ""6"": 8.14}",1.9,,,
Water Elemental Myrmidon,7.0,2900.0,8.97,4962.9,8.07,7.93,11.68,ok,1.97,"{""1"": 10.92, ""3"": 9.16, ""6"": 8.08}",2.84,,,
Umber Hulk,5.0,1800.0,7.14,3022.8,4.87,4.95,8.4,ok,2.14,"{""1"": 8.1, ""3"": 7.51, ""6"": 5.51}",2.59,0.96,,
Wight,3.0,700.0,5.15,1867.4,3.81,4.32,7.99,ok,2.15,"{""1"": 6.92, ""3"": 4.99, ""6"": 4.41}",2.51,1.73,,
Awakened Tree,2.0,450.0,4.21,1219.9,2.66,1.9,5.3,ok,2.21,"{""1"": 4.84, ""3"": 4.86, ""6"": 2.21}",2.63,1.12,,
Barbed Devil,5.0,1800.0,7.25,3122.9,4.93,4.88,8.9,ok,2.25,"{""1"": 8.4, ""3"": 7.16, ""6"": 5.51}",2.89,0.97,,
Xorn,5.0,1800.0,7.27,3141.5,4.94,4.95,9.34,ok,2.27,"{""1"": 8.3, ""3"": 7.43, ""6"": 5.51}",2.79,0.79,,
Water Elemental,5.0,1800.0,7.34,3207.3,4.98,5.79,8.3,ok,2.34,"{""1"": 8.1, ""3"": 7.16, ""6"": 6.58}",1.52,0.9,,
Yuan-ti Nightmare Speaker,4.0,1100.0,6.38,2511.8,4.5,4.1,8.5,ok,2.38,"{""1"": 4.39, ""3"": 7.25, ""6"": 8.17}",-3.78,2.02,,
Trapper,3.0,700.0,5.4,1985.4,3.98,4.76,6.92,ok,2.4,"{""1"": 6.14, ""3"": 5.6, ""6"": 4.76}",1.38,,,
Gelatinous Cube,2.0,450.0,4.42,1352.8,2.94,2.81,5.44,ok,2.42,"{""1"": 5.3, ""3"": 4.5, ""6"": 2.91}",2.39,,,
Arcanaloth,12.0,8400.0,14.62,12408.2,15.01,9.87,23.0,ok,2.62,"{""1"": 23.0, ""3"": 10.31, ""6"": 11.18}",11.82,,,
Salamander,5.0,1800.0,7.67,3536.8,5.34,5.51,8.56,ok,2.67,"{""1"": 7.21, ""3"": 8.51, ""6"": 6.58}",0.63,0.42,,
Yeenoghu,24.0,62000.0,26.78,101498.8,26.08,22.08,27.86,ok,2.78,"{""1"": 26.49, ""3"": 27.3, ""6"": 26.56}",-0.07,,,
Vegepygmy Chief,2.0,450.0,4.82,1647.3,3.47,2.81,6.41,ok,2.82,"{""1"": 5.76, ""3"": 4.99, ""6"": 4.1}",1.66,0.24,,
Cambion,5.0,1800.0,8.01,3909.7,5.74,5.51,8.78,ok,3.01,"{""1"": 7.75, ""3"": 8.73, ""6"": 6.58}",1.17,-0.41,,
Clockwork Oaken Bolter,5.0,1800.0,8.04,3939.0,5.83,6.17,8.4,ok,3.04,"{""1"": 8.1, ""3"": 8.23, ""6"": 7.56}",0.54,0.86,,
Storm Giant Quintessent,16.0,15000.0,19.18,22512.1,20.15,16.98,23.17,ok,3.18,"{""1"": 22.34, ""3"": 17.21, ""6"": 17.99}",4.35,,,
Earth Elemental,5.0,1800.0,8.25,4149.9,6.38,5.1,9.34,ok,3.25,"{""1"": 8.4, ""3"": 8.38, ""6"": 7.9}",0.5,0.68,,
Amnizu,18.0,20000.0,21.26,34916.0,21.82,17.98,23.59,ok,3.26,"{""1"": 18.82, ""3"": 21.91, ""6"": 23.09}",-4.27,,,
Vampire Spawn,5.0,1800.0,8.31,4212.3,6.56,7.2,9.11,ok,3.31,"{""1"": 8.98, ""3"": 8.23, ""6"": 7.39}",1.59,0.28,,
Sacred Statue,0.0,10.0,3.47,865.7,2.16,3.07,3.67,right,3.47,"{""1"": 3.07, ""3"": 3.67, ""6"": 3.67}",-0.6,0.0,,
Wood Woad,5.0,1800.0,8.47,4383.1,6.98,8.19,9.51,ok,3.47,"{""1"": 8.71, ""3"": 8.38, ""6"": 8.3}",0.41,0.01,,
Demilich,18.0,20000.0,21.65,38000.5,22.19,15.26,23.88,ok,3.65,"{""1"": 18.82, ""3"": 22.74, ""6"": 23.59}",-4.77,,,
Marut,25.0,75000.0,28.77,131391.9,27.88,25.23,30.0,ok,3.77,"{""1"": 30.0, ""3"": 26.09, ""6"": 27.15}",2.85,,,
Titivilus,16.0,15000.0,19.96,24872.5,20.7,12.71,27.34,ok,3.96,"{""1"": 27.34, ""3"": 19.18, ""6"": 13.08}",14.26,,,
Demogorgon,26.0,90000.0,30.0,155000.0,29.94,28.63,30.0,ok,4.0,"{""1"": 30.0, ""3"": 28.63, ""6"": 30.0}",0.0,,,
Helmed Horror,4.0,1100.0,8.27,4170.6,6.43,7.12,9.09,ok,4.27,"{""1"": 8.77, ""3"": 8.17, ""6"": 7.68}",1.09,0.0,,
Elder Brain,14.0,11500.0,18.34,20658.7,19.01,16.87,20.44,ok,4.34,"{""1"": 18.07, ""3"": 18.78, ""6"": 18.17}",-0.1,,,
Death Tyrant,14.0,11500.0,18.4,20777.2,19.11,10.62,30.0,ok,4.4,"{""1"": 30.0, ""3"": 11.42, ""6"": 11.32}",18.68,,,
Geryon,22.0,41000.0,26.68,99946.2,26.0,18.36,30.0,ok,4.68,"{""1"": 30.0, ""3"": 22.33, ""6"": 23.0}",7.0,,,
